﻿COUNTRY,GENERIC,SORT GENERIC,FEATURE DESIGNATION
Afghanistan (AFG),Āb,AB,intermittent stream (STMI); salt lake(s) (LKN); spring(s) (SPNG); stream(s) (STM)
Afghanistan (AFG),Āb Darah,ABDARAH,intermittent stream (STMI)
Afghanistan (AFG),Aerodrom,AERODROM,airfield (AIRF)
Afghanistan (AFG),Aeroport,AEROPORT,airport (AIRP)
Afghanistan (AFG),Āghel,AGHEL,corral(s) (CRRL)
Afghanistan (AFG),Āghil,AGHIL,corral(s) (CRRL)
Afghanistan (AFG) & Pakistan (PAK),Algad; Algaḏ,ALGAD,intermittent stream (STMI); locality (LCTY); stream(s) (STM); valley(s) (VAL)
Afghanistan (AFG) & Pakistan (PAK),Algada,ALGADA,intermittent stream (STMI); stream(s) (STM)
Afghanistan (AFG),Algaḏah,ALGADAH,intermittent stream (STMI); mountain (MT); stream(s) (STM)
Afghanistan (AFG) & Pakistan (PAK),An; Ān,AN,pass (PASS)
Afghanistan (AFG),Āsīāb,ASIAB,mill(s) (ML); water mill (MLWTR)
Afghanistan (AFG),Āsyā,ASYA,mill(s) (ML); water mill (MLWTR)
Afghanistan (AFG),Āsyāb,ASYAB,mill(s) (ML); water mill (MLWTR)
Afghanistan (AFG),Aw,AW,stream(s) (STM)
Afghanistan (AFG),Aylaq,AYLAQ,camp(s) (CMP)
Afghanistan (AFG),Bagh; Bāgh,BAGH,garden(s) (GDN); locality (LCTY); orchard(s) (OCH); park (PRK); vineyard(s) (VIN)
Afghanistan (AFG) & Pakistan (PAK),Band; Banḏ,BAND,dam (DAM); hill (HLL); hills (HLLS); intermittent stream (STMI); lake (LK); locality (LCTY); mountain (MT); mountains (MTS); pass (PASS); peak(s) (PK); plateau (PLAT); reservoir(s) (RSV); ridge(s) (RDGE); slope(s) (SLP); spur(s) (SPUR)
Afghanistan (AFG),Bāndah,BANDAH,camp(s) (CMP)
Afghanistan (AFG),Banḏe; Bāndē,BANDE,mountain (MT); mountains (MTS)
Afghanistan (AFG),Bāzār,BAZAR,market (MKT)
Afghanistan (AFG),Biyālêh,BIYALEH,canal (CNL); irrigation ditch (DTCHI)
Afghanistan (AFG),Bolāgh,BOLAGH,spring(s) (SPNG)
Afghanistan (AFG),Borj,BORJ,ruin(s) (RUIN); tower (TOWR)
Afghanistan (AFG),Būlāq,BULAQ,spring(s) (SPNG)
Afghanistan (AFG),Burj,BURJ,ruin(s) (RUIN); tower (TOWR)
Afghanistan (AFG),Burjak,BURJAK,tower (TOWR)
Afghanistan (AFG),Chā,CHA,water well(s) (WLL)
Afghanistan (AFG),Chah; Chāh,CHAH,abandoned well (WLLQ); pass (PASS); spring(s) (SPNG); water well(s) (WLL)
Afghanistan (AFG),Chāhān,CHAHAN,water well(s) (WLL)
Afghanistan (AFG),Chahārrāh,CHAHARRAH,road junction (RDJCT)
Afghanistan (AFG),Chahārrāhī,CHAHARRAHI,road junction (RDJCT); traffic circle (RDCR)
Afghanistan (AFG),Chāhhā,CHAHHA,water well(s) (WLL)
Afghanistan (AFG),Chaman,CHAMAN,athletic field (ATHF); field(s) (FLD)
Afghanistan (AFG),Chārrāhī,CHARRAHI,road junction (RDJCT)
Afghanistan (AFG),Chashmah,CHASHMAH,cemetery (CMTY); intermittent stream (STMI); locality (LCTY); spring(s) (SPNG); water well(s) (WLL)
Afghanistan (AFG),Chashmeh,CHASHMEH,spring(s) (SPNG)
Afghanistan (AFG),Chasmah,CHASMAH,spring(s) (SPNG)
Afghanistan (AFG),Cheshmah,CHESHMAH,spring(s) (SPNG)
Afghanistan (AFG),Cheshmeh,CHESHMEH,spring(s) (SPNG); water well(s) (WLL)
Afghanistan (AFG),Chīna,CHINA,spring(s) (SPNG)
Afghanistan (AFG),Chinah; Chīnah,CHINAH,spring(s) (SPNG); water well(s) (WLL)
Afghanistan (AFG),Chīnak,CHINAK,spring(s) (SPNG)
Afghanistan (AFG),Chinē; Chīnē,CHINE,spring(s) (SPNG)
Afghanistan (AFG),Chīneh,CHINEH,spring(s) (SPNG)
Afghanistan (AFG) & Pakistan (PAK),Chish; Chīsh,CHISH,peak(s) (PK)
Afghanistan (AFG),Chokah,CHOKAH,peak(s) (PK)
Afghanistan (AFG),Chōl,CHOL,desert (DSRT)
Afghanistan (AFG),Chowk,CHOWK,intersection (RDIN); road junction (RDJCT); traffic circle (RDCR)
Afghanistan (AFG),Chowl,CHOWL,desert (DSRT)
Afghanistan (AFG) & Pakistan (PAK),Chur,CHUR,intermittent stream (STMI)
Afghanistan (AFG) & China (CHN),Daban,DABAN,pass (PASS)
Afghanistan (AFG),Ḏag; Ḏāg,DAG,area (AREA); cultivated area (CULT); plain(s) (PLN); sand area (SAND)
Afghanistan (AFG),Ḏagar,DAGAR,plain(s) (PLN)
Afghanistan (AFG),Dāgh,DAGH,depression(s) (DPR); intermittent lake(s) (LKI); plain(s) (PLN)
Afghanistan (AFG),Daghāl,DAGHAL,intermittent lake(s) (LKI); intermittent pool (POOLI)
Afghanistan (AFG),Dahan; Dahān,DAHAN,intermittent stream (STMI); plain(s) (PLN); section of intermittent stream (STMIX); stream mouth(s) (STMM); valley(s) (VAL)
Afghanistan (AFG),Dahānah,DAHANAH,intermittent stream (STMI); locality (LCTY); stream mouth(s) (STMM)
Afghanistan (AFG),Dahaneh; Dahāneh,DAHANEH,pass (PASS); stream mouth(s) (STMM); stream(s) (STM); valley(s) (VAL)
Afghanistan (AFG),Dāmān,DAMAN,mountain (MT)
Afghanistan (AFG),Dāmanah,DAMANAH,slope(s) (SLP)
Afghanistan (AFG),Dāmaneh,DAMANEH,slope(s) (SLP)
Afghanistan (AFG),Dand; Ḏanḏ,DAND,intermittent lake(s) (LKI); lake (LK); lake bed(s) (LBED); mountain (MT)
Afghanistan (AFG) & Pakistan (PAK),Dara,DARA,intermittent stream (STMI)
Afghanistan (AFG),Darah,DARAH,canyon (CNYN); dry stream bed (SBED); gorge(s) (GRGE); intermittent stream (STMI); mountain (MT); ravine(s) (RVN); section of intermittent stream (STMIX); section of stream (STMX); section of valley (VALX); slope(s) (SLP); spring(s) (SPNG); stream(s) (STM); valley(s) (VAL)
Afghanistan (AFG),Darahhā,DARAHHA,intermittent stream (STMI)
Afghanistan (AFG),Darrah; Ḏaṟṟah,DARRAH,dry stream bed (SBED); gorge(s) (GRGE); intermittent stream (STMI); pass (PASS); section of stream (STMX); stream(s) (STM); valley(s) (VAL)
Afghanistan (AFG),Darreh,DARREH,canyon (CNYN); dry stream bed (SBED); gorge(s) (GRGE); intermittent stream (STMI); mountain (MT); ravine(s) (RVN); section of stream (STMX); spring(s) (SPNG); stream(s) (STM); valley(s) (VAL)
Afghanistan (AFG),Darreh-ye,DARREHYE,intermittent stream (STMI)
Afghanistan (AFG) & Iran (IRN) & Pakistan (PAK) & Tajikistan (TJK) & Turkmenistan (TKM),Daryā,DARYA,anabranch (STMA); distributary(-ies) (STMD); dry stream bed (SBED); intermittent stream (STMI); section of stream (STMX); stream(s) (STM); valley(s) (VAL)
Afghanistan (AFG),Daryācheh,DARYACHEH,stream(s) (STM)
Afghanistan (AFG) & Tajikistan (TJK) & Turkmenistan (TKM) & Uzbekistan (UZB),Daryo,DARYO,stream(s) (STM)
Afghanistan (AFG),Dāsh,DASH,limekiln (MFGLM)
Afghanistan (AFG) & Iran (IRN) & Pakistan (PAK),Dasht; Das̲h̲t,DASHT,cultivated area (CULT); desert (DSRT); dune(s) (DUNE); locality (LCTY); mountain (MT); mountains (MTS); plain(s) (PLN); plateau (PLAT); ruin(s) (RUIN); sand area (SAND); slope(s) (SLP); valley(s) (VAL)
Afghanistan (AFG) & Pakistan (PAK),Dashtah; Das̲h̲tah,DASHTAH,desert (DSRT); plain(s) (PLN)
Afghanistan (AFG) & Pakistan (PAK),Dashteh,DASHTEH,plain(s) (PLN)
Afghanistan (AFG),Ḏas̄t,DAST,plain(s) (PLN)
Afghanistan (AFG),Dastgāh,DASTGAH,factory (MFG)
Afghanistan (AFG) & China (CHN),Dawān,DAWAN,pass (PASS)
Afghanistan (AFG),Deh,DEH,populated place (PPL)
Afghanistan (AFG),Dê Sayyidō KhānTangay,DESAYYIDOKHANTANGAY,stream(s) (STM)
Afghanistan (AFG),Dēwār,DEWAR,wall (WALL)
Afghanistan (AFG) & Pakistan (PAK),Dhar,DHAR,ridge(s) (RDGE)
Afghanistan (AFG),Dokān,DOKAN,market (MKT); storehouse (SHSE)
Afghanistan (AFG),Dokānhā,DOKANHA,market (MKT)
Afghanistan (AFG),Dokānūnah,DOKANUNAH,market (MKT)
Afghanistan (AFG),Dolina,DOLINA,valley(s) (VAL)
Afghanistan (AFG),Dōmandêh,DOMANDEH,confluence (CNFL)
Afghanistan (AFG),Dukān,DUKAN,market (MKT); storehouse (SHSE)
Afghanistan (AFG),Dukānhā,DUKANHA,market (MKT)
Afghanistan (AFG),Dukānūnah,DUKANUNAH,market (MKT)
Afghanistan (AFG),Dūmandêh,DUMANDEH,confluence (CNFL)
Afghanistan (AFG),Dzangal,DZANGAL,forest(s) (FRST)
Afghanistan (AFG),ēgistān,EGISTAN,area (AREA)
Afghanistan (AFG),Eshken,ESHKEN,marsh(es) (MRSH)
Afghanistan (AFG),Fabrīkā,FABRIKA,factory (MFG)
Afghanistan (AFG),Fabrīkah; Fābrīkah,FABRIKAH,factory (MFG); ruin(s) (RUIN)
Afghanistan (AFG),Fārm,FARM,farm(s) (FRM)
Afghanistan (AFG),Forūdgāh,FORUDGAH,abandoned airfield (AIRQ)
Afghanistan (AFG),Gaṟang,GARANG,cliff(s) (CLF)
Afghanistan (AFG),Gardan,GARDAN,pass (PASS)
Afghanistan (AFG),Gardanah,GARDANAH,pass (PASS)
Afghanistan (AFG),Gardaneh,GARDANEH,pass (PASS)
Afghanistan (AFG),Gaṯah,GATAH,cliff(s) (CLF)
Afghanistan (AFG) & Pakistan (PAK),Ghar; Ghaṟ; Ghār,GHAR,cave(s) (CAVE); hill (HLL); hills (HLLS); mound(s) (MND); mountain (MT); mountains (MTS); peak(s) (PK); ridge(s) (RDGE); saddle (SDL); slope(s) (SLP); spur(s) (SPUR)
Afghanistan (AFG),Ghārah; Ghāṟah,GHARAH,hill (HLL); intermittent stream (STMI); mountain (MT); ridge(s) (RDGE)
Afghanistan (AFG),Gharak,GHARAK,hill (HLL)
Afghanistan (AFG),Ghargay,GHARGAY,hill (HLL); mountain (MT)
Afghanistan (AFG),Ghas̲h̲ay; Ghās̲h̲ay,GHASHAY,pass (PASS)
Afghanistan (AFG) & Pakistan (PAK),Ghas̲h̲ē; Ghāshē; Ghās̲h̲ē,GHASHE,mountain (MT); pass (PASS)
Afghanistan (AFG),Ghaṯē,GHATE,ridge(s) (RDGE)
Afghanistan (AFG),Ghbarg,GHBARG,intermittent stream (STMI)
Afghanistan (AFG),Ghbargah,GHBARGAH,intermittent stream (STMI); ravine(s) (RVN)
Afghanistan (AFG),Ghbargē,GHBARGE,depression(s) (DPR); ravine(s) (RVN)
Afghanistan (AFG) & Pakistan (PAK),Ghora,GHORA,mountain (MT)
Afghanistan (AFG) & Pakistan (PAK),Ghṟuna,GHRUNA,mountains (MTS)
Afghanistan (AFG) & Pakistan (PAK),Ghrūnah; Ghṟūnah,GHRUNAH,hills (HLLS); mountain (MT); mountains (MTS); ridge(s) (RDGE)
Afghanistan (AFG),Ghunḏ; Ghūnḏ,GHUND,dune(s) (DUNE); hill (HLL); locality (LCTY); mountain (MT)
Afghanistan (AFG) & Pakistan (PAK),Ghundai,GHUNDAI,mountain (MT)
Afghanistan (AFG) & Pakistan (PAK),Ghundey; Ghundêy; Ghunḏey; Ghunḏêy; Ghūndey; Ghūnḏey,GHUNDEY,hill (HLL); hills (HLLS); locality (LCTY); mound(s) (MND); mountain (MT); mountains (MTS); peak(s) (PK); ridge(s) (RDGE); slope(s) (SLP); spur(s) (SPUR)
Afghanistan (AFG),Ghundeyha; Ghūnḏeyhā,GHUNDEYHA,hills (HLLS); mountain (MT)
Afghanistan (AFG),Ghunḏī; Ghūnḏī,GHUNDI,hill (HLL); hills (HLLS); mountain (MT); mountains (MTS); slope(s) (SLP)
Afghanistan (AFG),Ghūnḏīan; Ghūnḏīān,GHUNDIAN,hills (HLLS)
Afghanistan (AFG),Ghundīhā; Ghunḏīhā; Ghūnḏīhā,GHUNDIHA,hills (HLLS); mountain (MT); mountains (MTS)
Afghanistan (AFG),Ghunḏiyān,GHUNDIYAN,hills (HLLS)
Afghanistan (AFG),Ghunḏyān; Ghūnḏyān,GHUNDYAN,hill (HLL); hills (HLLS); mountains (MTS)
Afghanistan (AFG),Ghūnḏyānē,GHUNDYANE,hills (HLLS)
Afghanistan (AFG),Gīrō,GIRO,mountain (MT); slope(s) (SLP)
Afghanistan (AFG),Gol,GOL,stream(s) (STM)
Afghanistan (AFG),Gōlā’ī,GOLAI,road bend (RDB)
Afghanistan (AFG),Gomrok,GOMROK,facility (FCL)
Afghanistan (AFG) & Pakistan (PAK),Gora,GORA,hill (HLL); intermittent stream (STMI); mountain (MT); peak(s) (PK); ridge(s) (RDGE)
Afghanistan (AFG),Gorūhān,GORUHAN,military installation (INSM)
Afghanistan (AFG) & Pakistan (PAK),Gory,GORY,hill (HLL); mountain (MT); mountains (MTS); plain(s) (PLN)
Afghanistan (AFG),Gowd,GOWD,depression(s) (DPR); lake bed(s) (LBED)
Afghanistan (AFG),Goz̄ar,GOZAR,pass (PASS)
Afghanistan (AFG),Gumruk,GUMRUK,facility (FCL)
Afghanistan (AFG),Gunbad,GUNBAD,cemetery (CMTY); shrine (SHRN)
Afghanistan (AFG) & Pakistan (PAK),Gundai,GUNDAI,mountain (MT)
Afghanistan (AFG),Guz̄ar,GUZAR,pass (PASS)
Afghanistan (AFG),Hadīrah,HADIRAH,cemetery (CMTY)
Afghanistan (AFG),Hadīrī,HADIRI,cemetery (CMTY)
Afghanistan (AFG) & Iran (IRN) & Pakistan (PAK),Hamun; Hāmūn,HAMUN,intermittent lake(s) (LKI); lake (LK); lake bed(s) (LBED)
Afghanistan (AFG),Hawā’i Dagaṟ; Hawā’ī Ḏagar,HAWAIDAGAR,airport (AIRP)
Afghanistan (AFG),H̱awḏẕe,HAWDZE,reservoir(s) (RSV)
Afghanistan (AFG),Ḩeşār,HESAR,fort (FT)
Afghanistan (AFG),Ḩişār,HISAR,fort (FT)
Afghanistan (AFG),Hōṯal,HOTAL,hotel (HTL)
Afghanistan (AFG),Hōtel,HOTEL,hotel (HTL)
Afghanistan (AFG),Ḩowz; Ḩowẕ,HOWZ,intermittent lake(s) (LKI); intermittent stream (STMI); lake (LK); pond(s) (PND); reservoir(s) (RSV); water tank (RSVT)
Afghanistan (AFG),Ḩowẕak,HOWZAK,pond(s) (PND)
Afghanistan (AFG),Instītūt,INSTITUT,factory (MFG)
Afghanistan (AFG),Jādah,JADAH,road (RD); street (ST)
Afghanistan (AFG),Jahīl,JAHIL,lake (LK); reservoir(s) (RSV)
Afghanistan (AFG),Jamhūrī,JAMHURI,independent political entity (PCLI)
Afghanistan (AFG),Jangal,JANGAL,forest(s) (FRST)
Afghanistan (AFG),Jar,JAR,ditch (DTCH); gorge(s) (GRGE); headwaters (STMH); intermittent stream (STMI); mountain (MT); ravine(s) (RVN); ridge(s) (RDGE); section of intermittent stream (STMIX); section of stream (STMX); stream(s) (STM); valley(s) (VAL)
Afghanistan (AFG),Jar-e,JARE,mountain (MT); stream(s) (STM)
Afghanistan (AFG),Jarhā,JARHA,intermittent stream (STMI)
Afghanistan (AFG),Jazīrah,JAZIRAH,island (ISL); islands (ISLS)
Afghanistan (AFG),Jazīreh,JAZIREH,island (ISL); islands (ISLS)
Afghanistan (AFG) & Turkmenistan (TKM),Jōy,JOY,aqueduct (CNLA); canal (CNL); canalized stream (STMC); ditch (DTCH); intermittent stream (STMI); irrigation ditch (DTCHI); locality (LCTY); mountain (MT); stream(s) (STM)
Afghanistan (AFG),Jumā‘at,JUMAAT,mosque (MSQE)
Afghanistan (AFG),Jumhūriyat,JUMHURIYAT,independent political entity (PCLI)
Afghanistan (AFG) & Turkmenistan (TKM),Jūy,JUY,aqueduct (CNLA); canal (CNL); canalized stream (STMC); intermittent stream (STMI); stream(s) (STM)
Afghanistan (AFG),Kāh,KAH,mountain (MT)
Afghanistan (AFG) & Iran (IRN),Kāl,KAL,intermittent stream (STMI)
Afghanistan (AFG),Kalā,KALA,fort (FT); ruin(s) (RUIN)
Afghanistan (AFG),Kalleh,KALLEH,mountain (MT)
Afghanistan (AFG) & Pakistan (PAK),Kamar,KAMAR,cliff(s) (CLF); hill (HLL); mountain (MT); mountains (MTS); peak(s) (PK); ridge(s) (RDGE); slope(s) (SLP)
Afghanistan (AFG),Kamp,KAMP,camp(s) (CMP)
Afghanistan (AFG),Kand,KAND,hills (HLLS); intermittent stream (STMI)
Afghanistan (AFG),Kandah,KANDAH,intermittent stream (STMI); stream(s) (STM)
Afghanistan (AFG) & Pakistan (PAK),Kandao; Kandāo,KANDAO,mountain (MT); pass (PASS)
Afghanistan (AFG) & Pakistan (PAK),Kandaw; Kanḏaw,KANDAW,gorge(s) (GRGE); mountain (MT); mountains (MTS); pass (PASS)
Afghanistan (AFG) & Pakistan (PAK),Kandow; Kanḏow,KANDOW,gorge(s) (GRGE); intermittent stream (STMI); mountain (MT); pass (PASS)
Afghanistan (AFG),Kār,KAR,intermittent stream (STMI)
Afghanistan (AFG),Kārayz,KARAYZ,underground irrigation canal(s) (CNLSB)
Afghanistan (AFG) & Pakistan (PAK),Kārēz,KAREZ,abandoned canal (CNLQ); aqueduct (CNLA); canal (CNL); intermittent stream (STMI); irrigation ditch (DTCHI); ruin(s) (RUIN); stream(s) (STM); underground irrigation canal(s) (CNLSB); water well(s) (WLL)
Afghanistan (AFG),Kārēz-e,KAREZE,underground irrigation canal(s) (CNLSB)
Afghanistan (AFG),Kārēzhā,KAREZHA,underground irrigation canal(s) (CNLSB)
Afghanistan (AFG),Kariz; Kārīz,KARIZ,aqueduct (CNLA); canal (CNL); populated place (PPL); underground irrigation canal(s) (CNLSB)
Afghanistan (AFG),Karizha; Kārīzhā,KARIZHA,underground irrigation canal(s) (CNLSB)
Afghanistan (AFG) & Pakistan (PAK),Kas,KAS,intermittent stream (STMI)
Afghanistan (AFG),Kats,KATS,intermittent stream (STMI); wetland (WTLD)
Afghanistan (AFG) & Pakistan (PAK),Kaur,KAUR,intermittent stream (STMI); stream(s) (STM)
Afghanistan (AFG),Kawīr,KAWIR,marsh(es) (MRSH)
Afghanistan (AFG),Kêlay,KELAY,abandoned populated place (PPLQ)
Afghanistan (AFG),Khāk,KHAK,locality (LCTY)
Afghanistan (AFG),Khānah,KHANAH,fort (FT); house(s) (HSE); populated place (PPL); ruin(s) (RUIN)
Afghanistan (AFG),Khāneh,KHANEH,house(s) (HSE)
Afghanistan (AFG),Kharābah,KHARABAH,ruin(s) (RUIN)
Afghanistan (AFG),Kharābē,KHARABE,ruin(s) (RUIN)
Afghanistan (AFG),Kharābeh,KHARABEH,ruin(s) (RUIN)
Afghanistan (AFG),Kharah,KHARAH,mountain (MT)
Afghanistan (AFG),Khāwand,KHAWAND,hill (HLL)
Afghanistan (AFG),Khel; Khēl,KHEL,destroyed populated place (PPLW); tribal area (TRB)
Afghanistan (AFG),Khêṯ,KHET,hill (HLL)
Afghanistan (AFG),Kholah,KHOLAH,mountain (MT); stream mouth(s) (STMM)
Afghanistan (AFG),Khōlêh,KHOLEH,intermittent stream (STMI)
Afghanistan (AFG) & Pakistan (PAK),Khrebet,KHREBET,mountains (MTS)
Afghanistan (AFG) & Pakistan (PAK),Khula,KHULA,intermittent stream (STMI)
Afghanistan (AFG),Khulah; Khūlah,KHULAH,headwaters (STMH); hill (HLL); intermittent stream (STMI); locality (LCTY); mountain (MT); stream mouth(s) (STMM)
Afghanistan (AFG),Khūlgêy,KHULGEY,intermittent stream (STMI)
Afghanistan (AFG),Khwājah,KHWAJAH,ruin(s) (RUIN)
Afghanistan (AFG) & Pakistan (PAK),Khwar; Khwaṟ; Khwār,KHWAR,area (AREA); headwaters (STMH); intermittent stream (STMI); stream(s) (STM); valley(s) (VAL)
Afghanistan (AFG),Khwāra,KHWARA,intermittent stream (STMI)
Afghanistan (AFG),Khwarah; Khwaṟah,KHWARAH,intermittent stream (STMI); stream(s) (STM)
Afghanistan (AFG),Khware,KHWARE,valley(s) (VAL)
Afghanistan (AFG),Kladbishche,KLADBISHCHE,cemetery (CMTY)
Afghanistan (AFG) & Iran (IRN) & Pakistan (PAK) & Turkmenistan (TKM),Koh; Kōh,KOH,escarpment (SCRP); hill (HLL); hills (HLLS); intermittent stream (STMI); mountain (MT); mountains (MTS); peak(s) (PK); ridge(s) (RDGE); slope(s) (SLP); spur(s) (SPUR)
Afghanistan (AFG),Kōhak,KOHAK,mountain (MT)
Afghanistan (AFG) & Iran (IRN) & Pakistan (PAK),Kohe; Kōh-e; Kōhē,KOHE,mountain (MT); mountains (MTS); slope(s) (SLP)
Afghanistan (AFG),Kōh-e Band,KOHEBAND,mountain (MT); mountains (MTS); ridge(s) (RDGE)
Afghanistan (AFG),Kōh-e Sar,KOHESAR,mountain (MT)
Afghanistan (AFG),Kōhhā,KOHHA,hills (HLLS); mountain (MT); mountains (MTS); ridge(s) (RDGE)
Afghanistan (AFG),Kōhhā-ye Band,KOHHAYEBAND,mountains (MTS)
Afghanistan (AFG) & Tajikistan (TJK),Kōl,KOL,depression(s) (DPR); gorge(s) (GRGE); intermittent lake(s) (LKI); intermittent pond(s) (PNDI); lake (LK); lake bed(s) (LBED); marsh(es) (MRSH); pond(s) (PND); stream(s) (STM)
Afghanistan (AFG),Kōr,KOR,ruin(s) (RUIN)
Afghanistan (AFG),Kōṯ,KOT,fort (FT)
Afghanistan (AFG) & China (CHN) & Pakistan (PAK) & Tajikistan (TJK) & Turkmenistan (TKM),Kotal; Kōtal,KOTAL,mine(s) (MN); mountain (MT); pass (PASS); slope(s) (SLP)
Afghanistan (AFG) & Iran (IRN) & Pakistan (PAK),Kowh,KOWH,hill (HLL); mountain (MT); mountains (MTS); slope(s) (SLP)
Afghanistan (AFG) & Tajikistan (TJK),Kowl,KOWL,depression(s) (DPR); intermittent lake(s) (LKI); intermittent salt lake(s) (LKNI); lake (LK); pond(s) (PND)
Afghanistan (AFG) & Pakistan (PAK) & Tajikistan (TJK),Kowtal; Kowtāl; kowtal,KOWTAL,mine(s) (MN); pass (PASS)
Afghanistan (AFG),Kowtalalcheh,KOWTALALCHEH,pass (PASS)
Afghanistan (AFG),Krepost’,KREPOST,fort (FT)
Afghanistan (AFG),Kūchah,KUCHAH,street (ST)
Afghanistan (AFG) & Iran (IRN) & Pakistan (PAK) & Tajikistan (TJK) & Turkmenistan (TKM),Kuh; Kūh; Kŭh,KUH,escarpment (SCRP); hill (HLL); hills (HLLS); mountain (MT); mountains (MTS); pass (PASS); peak(s) (PK); ridge(s) (RDGE); slope(s) (SLP); spur(s) (SPUR)
Afghanistan (AFG),Kūhay,KUHAY,water well(s) (WLL)
Afghanistan (AFG),Kūhband,KUHBAND,mountains (MTS)
Afghanistan (AFG),Kūh-e,KUHE,mountain (MT); ridge(s) (RDGE)
Afghanistan (AFG),Kūh-e Band,KUHEBAND,mountain (MT); mountains (MTS); peak(s) (PK); ridge(s) (RDGE)
Afghanistan (AFG),Kūh-e Sang,KUHESANG,mountain (MT); mountains (MTS)
Afghanistan (AFG),Kūh-e Sang-e,KUHESANGE,mountain (MT)
Afghanistan (AFG),Kūhhā,KUHHA,mountain (MT); mountains (MTS)
Afghanistan (AFG) & Tajikistan (TJK),Kŭl,KUL,lake (LK)
Afghanistan (AFG) & Tajikistan (TJK),Kŭtal,KUTAL,pass (PASS)
Afghanistan (AFG),Lahêṟ,LAHER,sand area (SAND)
Afghanistan (AFG),Lahêṟêy,LAHEREY,intermittent stream (STMI)
Afghanistan (AFG),Lakêy,LAKEY,slope(s) (SLP)
Afghanistan (AFG) & Pakistan (PAK),Lār,LAR,caravan route (RTE); pass (PASS); road (RD); trail (TRL)
Afghanistan (AFG),Larah,LARAH,trail (TRL)
Afghanistan (AFG),Lāsh; Lās̲h̲,LASH,ridge(s) (RDGE)
Afghanistan (AFG) & Pakistan (PAK),Lgad; Lgaḏ,LGAD,intermittent stream (STMI); stream(s) (STM)
Afghanistan (AFG),Lgadah,LGADAH,intermittent stream (STMI); stream(s) (STM)
Afghanistan (AFG),Līsah,LISAH,school (SCH)
Afghanistan (AFG) & Pakistan (PAK),Lora,LORA,section of stream (STMX)
Afghanistan (AFG) & Turkmenistan (TKM),Loshchina,LOSHCHINA,valley(s) (VAL)
Afghanistan (AFG),Ma‘dan,MADAN,mine(s) (MN); quarry(-ies) (MNQR)
Afghanistan (AFG),Ma‘din-e Mis,MADINEMIS,copper mine(s) (MNCU)
Afghanistan (AFG),Madrasah,MADRASAH,religious center (CTRR)
Afghanistan (AFG),Maḩal,MAHAL,area (AREA); locality (LCTY)
Afghanistan (AFG),Maḩall,MAHALL,locality (LCTY)
Afghanistan (AFG),Maḩbas,MAHBAS,abandoned prison (PRNQ); prison (PRN)
Afghanistan (AFG),Maīdān,MAIDAN,area (AREA); athletic field (ATHF); plain(s) (PLN)
Afghanistan (AFG),Maīdān-e Hawā’ī,MAIDANEHAWAI,abandoned airfield (AIRQ); airport (AIRP)
Afghanistan (AFG),Makhzan,MAKHZAN,reservoir(s) (RSV)
Afghanistan (AFG),Makta,MAKTA,school (SCH)
Afghanistan (AFG),Maktab; Maktāb,MAKTAB,ruin(s) (RUIN); school (SCH)
Afghanistan (AFG),Maktab Ebtedā’ī,MAKTABEBTEDAI,school (SCH)
Afghanistan (AFG),Maktab-e Ibtedā’ī,MAKTABEIBTEDAI,school (SCH)
Afghanistan (AFG),Maktab-e Ibtidā’ī,MAKTABEIBTIDAI,school (SCH)
Afghanistan (AFG),Maktab-e Mutawaseţah,MAKTABEMUTAWASETAH,school (SCH)
Afghanistan (AFG) & Pakistan (PAK),Manda; Mānda,MANDA,intermittent stream (STMI); section of stream (STMX); stream(s) (STM); valley(s) (VAL)
Afghanistan (AFG) & Pakistan (PAK),Mandah; Mandāh; Māndah,MANDAH,canalized stream (STMC); headwaters (STMH); intermittent stream (STMI); ravine(s) (RVN); section of stream (STMX); stream mouth(s) (STMM); stream(s) (STM); valley(s) (VAL)
Afghanistan (AFG),Māndē,MANDE,intermittent stream (STMI)
Afghanistan (AFG) & Pakistan (PAK),Mandeh; Māndeh; Māndêh; Mānḏeh; Mānḏêh; Mānḏēh,MANDEH,canalized stream (STMC); gorge(s) (GRGE); headwaters (STMH); intermittent stream (STMI); ravine(s) (RVN); ridge(s) (RDGE); section of intermittent stream (STMIX); section of stream (STMX); stream mouth(s) (STMM); stream(s) (STM); valley(s) (VAL); wadi(s) (WAD)
Afghanistan (AFG),Māndōnah,MANDONAH,intermittent stream (STMI)
Afghanistan (AFG),Māndūnah,MANDUNAH,intermittent stream (STMI)
Afghanistan (AFG),Manţaqah,MANTAQAH,area (AREA); locality (LCTY)
Afghanistan (AFG),Manţaqeh,MANTAQEH,area (AREA); locality (LCTY)
Afghanistan (AFG),Maqābir,MAQABIR,cemetery (CMTY)
Afghanistan (AFG),Maqbarah,MAQBARAH,shrine (SHRN)
Afghanistan (AFG),Masjed,MASJED,mosque (MSQE)
Afghanistan (AFG),Masjid,MASJID,mosque (MSQE)
Afghanistan (AFG),Maydāne Hawā’i; Mayḏāne Hawā’i,MAYDANEHAWAI,abandoned airfield (AIRQ)
Afghanistan (AFG),Maynā,MAYNA,area (AREA)
Afghanistan (AFG),Mazār,MAZAR,ruin(s) (RUIN); shrine (SHRN); tomb(s) (TMB)
Afghanistan (AFG),Mēnah,MENAH,area (AREA)
Afghanistan (AFG),Menţaqeh,MENTAQEH,locality (LCTY)
Afghanistan (AFG),Mōṟah,MORAH,mountain (MT)
Afghanistan (AFG),Musasah,MUSASAH,college (SCHC)
Afghanistan (AFG),Nahr,NAHR,abandoned canal (CNLQ); aqueduct (CNLA); canal (CNL); canalized stream (STMC); distributary(-ies) (STMD); intermittent stream (STMI); stream(s) (STM)
Afghanistan (AFG) & Pakistan (PAK),Nala,NALA,intermittent stream (STMI); stream(s) (STM)
Afghanistan (AFG),Nālah,NALAH,intermittent stream (STMI)
Afghanistan (AFG) & Pakistan (PAK),Nali,NALI,intermittent stream (STMI)
Afghanistan (AFG),Narah,NARAH,intermittent stream (STMI)
Afghanistan (AFG) & Pakistan (PAK),Narai; Naraī,NARAI,intermittent stream (STMI); mountain (MT); pass (PASS); spring(s) (SPNG)
Afghanistan (AFG),Narakay,NARAKAY,pass (PASS)
Afghanistan (AFG) & Pakistan (PAK),Naray,NARAY,mountains (MTS); pass (PASS)
Afghanistan (AFG),Narêy,NAREY,spring(s) (SPNG)
Afghanistan (AFG),Nāveh,NAVEH,intermittent stream (STMI); mountain (MT); stream(s) (STM); valley(s) (VAL)
Afghanistan (AFG),Nāw,NAW,gorge(s) (GRGE); intermittent stream (STMI); mountain (MT); ravine(s) (RVN); section of stream (STMX); stream(s) (STM); valley(s) (VAL)
Afghanistan (AFG),Nāwagaī,NAWAGAI,intermittent stream (STMI)
Afghanistan (AFG),Nāwagay,NAWAGAY,intermittent stream (STMI)
Afghanistan (AFG),Nawah; Nāwah,NAWAH,canal (CNL); gorge(s) (GRGE); intermittent stream (STMI); locality (LCTY); mountain (MT); ravine(s) (RVN); stream(s) (STM); valley(s) (VAL)
Afghanistan (AFG) & Pakistan (PAK),Nawar; Nāwar,NAWAR,intermittent lake(s) (LKI); intermittent pond(s) (PNDI); lake bed(s) (LBED)
Afghanistan (AFG),Nāwarān,NAWARAN,lake bed(s) (LBED)
Afghanistan (AFG),Nāwchah,NAWCHAH,intermittent stream (STMI)
Afghanistan (AFG) & Pakistan (PAK),Nāwer; Nāwêr,NAWER,abandoned well (WLLQ); depression(s) (DPR); intermittent lake(s) (LKI); intermittent pond(s) (PNDI); intermittent stream (STMI); lake bed(s) (LBED); pond(s) (PND); reservoir(s) (RSV); valley(s) (VAL); water well(s) (WLL)
Afghanistan (AFG),Nāwerān; Nāwêrān,NAWERAN,intermittent lake(s) (LKI); lake bed(s) (LBED)
Afghanistan (AFG),Nāwêrūnah,NAWERUNAH,depression(s) (DPR); lake bed(s) (LBED)
Afghanistan (AFG),Nāwěr,NAWěR,intermittent stream (STMI)
Afghanistan (AFG),Nīkah,NIKAH,shrine (SHRN)
Afghanistan (AFG),Nīkeh,NIKEH,shrine (SHRN)
Afghanistan (AFG),Ōbêh,OBEH,intermittent stream (STMI)
Afghanistan (AFG),Oluswāli,OLUSWALI,second-order administrative division (ADM2)
Afghanistan (AFG),Owbah,OWBAH,intermittent stream (STMI)
Afghanistan (AFG),Pal,PAL,hill (HLL); hills (HLLS)
Afghanistan (AFG),Pārk,PARK,park (PRK)
Afghanistan (AFG),Pāsgāh,PASGAH,border post (PSTB); police post (PP)
Afghanistan (AFG),Pāsgāh-e Marzī,PASGAHEMARZI,border post (PSTB); police post (PP)
Afghanistan (AFG),Pāsgāh-e Marzī-ye,PASGAHEMARZIYE,border post (PSTB)
Afghanistan (AFG),Pastah,PASTAH,hill (HLL)
Afghanistan (AFG),Pat,PAT,intermittent stream (STMI)
Afghanistan (AFG),Pāygāh,PAYGAH,military installation (INSM)
Afghanistan (AFG),Paytow,PAYTOW,mountain (MT); slope(s) (SLP)
Afghanistan (AFG) & Pakistan (PAK) & Turkmenistan (TKM),Pereval,PEREVAL,mountain (MT); pass (PASS)
Afghanistan (AFG),Pētāw,PETAW,ridge(s) (RDGE); slope(s) (SLP)
Afghanistan (AFG) & Tajikistan (TJK),Pik,PIK,mountain (MT)
Afghanistan (AFG),Pitāw,PITAW,hill (HLL); mountain (MT); ridge(s) (RDGE); slope(s) (SLP)
Afghanistan (AFG),Pol,POL,bridge (BDG)
Afghanistan (AFG),Poshteh,POSHTEH,dune(s) (DUNE); hill (HLL); hills (HLLS); mound(s) (MND); mountain (MT); mountains (MTS); ridge(s) (RDGE); slope(s) (SLP)
Afghanistan (AFG),Poshtehhā,POSHTEHHA,hill (HLL); hills (HLLS); mountain (MT); mountains (MTS)
Afghanistan (AFG),Poshtkūh,POSHTKUH,mountains (MTS)
Afghanistan (AFG),Pōṯaī,POTAI,hill (HLL); mountain (MT)
Afghanistan (AFG),Potay; Pōṯay,POTAY,hill (HLL)
Afghanistan (AFG),Pōṯyān,POTYAN,hills (HLLS)
Afghanistan (AFG),Pōzah,POZAH,escarpment (SCRP); hill (HLL); mountain (MT); peak(s) (PK); ridge(s) (RDGE); slope(s) (SLP); spur(s) (SPUR)
Afghanistan (AFG) & Tajikistan (TJK),Protoka,PROTOKA,anabranch (STMA)
Afghanistan (AFG),Pul,PUL,bridge (BDG)
Afghanistan (AFG),Pusht,PUSHT,hill (HLL); mountain (MT)
Afghanistan (AFG),Pushtah; Pus̲h̲tah,PUSHTAH,hill (HLL); hills (HLLS); intermittent stream (STMI); mound(s) (MND); mountain (MT); mountains (MTS); ridge(s) (RDGE); slope(s) (SLP); spur(s) (SPUR); swamp (SWMP)
Afghanistan (AFG),Pushtahā,PUSHTAHA,hills (HLLS)
Afghanistan (AFG),Pushtahhā,PUSHTAHHA,hills (HLLS); locality (LCTY); mountain (MT); mountains (MTS)
Afghanistan (AFG),Pus̲h̲tē,PUSHTE,hill (HLL); hills (HLLS); mountain (MT)
Afghanistan (AFG),Pushtehhā,PUSHTEHHA,mountain (MT)
Afghanistan (AFG),Pusht-e Kōh,PUSHTEKOH,mountains (MTS)
Afghanistan (AFG),Pushtī,PUSHTI,hills (HLLS)
Afghanistan (AFG),Pus̄tahā,PUSTAHA,dune(s) (DUNE)
Afghanistan (AFG),Pūzah,PUZAH,peak(s) (PK); spur(s) (SPUR)
Afghanistan (AFG),Puzeh; Pūzeh,PUZEH,escarpment (SCRP); hill (HLL); mountain (MT); peak(s) (PK); ridge(s) (RDGE); spur(s) (SPUR)
Afghanistan (AFG),Qabr,QABR,cemetery (CMTY); grave (GRVE); tomb(s) (TMB)
Afghanistan (AFG),Qabrestān; Qabṟestān,QABRESTAN,cemetery (CMTY)
Afghanistan (AFG),Qabristān,QABRISTAN,cemetery (CMTY)
Afghanistan (AFG),Qal‘ah,QALAH,fort (FT); ruin(s) (RUIN); section of populated place (PPLX)
Afghanistan (AFG),Qal‘eh,QALEH,fort (FT)
Afghanistan (AFG),Qanāt,QANAT,locality (LCTY); underground irrigation canal(s) (CNLSB)
Afghanistan (AFG),Qaşr,QASR,palace (PAL)
Afghanistan (AFG),Qō,QO,stream(s) (STM)
Afghanistan (AFG),Qodūq,QODUQ,water well(s) (WLL)
Afghanistan (AFG),Qōl,QOL,gorge(s) (GRGE); intermittent stream (STMI); peak(s) (PK); pond(s) (PND); ravine(s) (RVN); section of intermittent stream (STMIX); stream(s) (STM); valley(s) (VAL)
Afghanistan (AFG),Qolah,QOLAH,hill (HLL); mountain (MT); mountains (MTS); peak(s) (PK)
Afghanistan (AFG),Qōlak,QOLAK,intermittent stream (STMI)
Afghanistan (AFG),Qolleh,QOLLEH,mountain (MT); mountains (MTS); peak(s) (PK); valley(s) (VAL)
Afghanistan (AFG),Qowl,QOWL,gorge(s) (GRGE); intermittent stream (STMI); ravine(s) (RVN); stream(s) (STM); valley(s) (VAL)
Afghanistan (AFG),Quduq; Qūdūq,QUDUQ,water well(s) (WLL)
Afghanistan (AFG),Qulah,QULAH,hill (HLL); mountain (MT); mountains (MTS); peak(s) (PK)
Afghanistan (AFG),Qulfak,QULFAK,sluice (SLCE)
Afghanistan (AFG) & China (CHN) & Tajikistan (TJK),Qulla,QULLA,peak(s) (PK)
Afghanistan (AFG),Qūllah,QULLAH,peak(s) (PK)
Afghanistan (AFG) & Lebanon (LBN) & Syria (SYR),Qurnah,QURNAH,mountain (MT)
Afghanistan (AFG),Rabāţ,RABAT,resthouse (RHSE)
Afghanistan (AFG),Rāghdzāy,RAGHDZAY,plain(s) (PLN)
Afghanistan (AFG),Rāgheh; Rāghêh,RAGHEH,hill (HLL); mountain (MT); plain(s) (PLN); slope(s) (SLP)
Afghanistan (AFG),Rāghzaī,RAGHZAI,plain(s) (PLN)
Afghanistan (AFG),Rāh,RAH,pass (PASS); road (RD); trail (TRL)
Afghanistan (AFG),Rayg,RAYG,dune(s) (DUNE); sand area (SAND)
Afghanistan (AFG),Raygī,RAYGI,dune(s) (DUNE)
Afghanistan (AFG),Raygistān,RAYGISTAN,area (AREA); desert (DSRT); dune(s) (DUNE); sand area (SAND)
Afghanistan (AFG),Raygzār,RAYGZAR,sand area (SAND)
Afghanistan (AFG) & Pakistan (PAK),Reg; Rēg,REG,desert (DSRT); dune(s) (DUNE); sand area (SAND)
Afghanistan (AFG),Rēgī,REGI,dune(s) (DUNE)
Afghanistan (AFG),Rēgistan; Rēgistān,REGISTAN,desert (DSRT); dune(s) (DUNE); sand area (SAND)
Afghanistan (AFG),Rēgzār,REGZAR,sand area (SAND)
Afghanistan (AFG),Rīg,RIG,desert (DSRT); dune(s) (DUNE); sand area (SAND)
Afghanistan (AFG),Rīgestān,RIGESTAN,desert (DSRT); dune(s) (DUNE); sand area (SAND)
Afghanistan (AFG) & Pakistan (PAK),River,RIVER,intermittent stream (STMI)
Afghanistan (AFG) & Iran (IRN) & Pakistan (PAK) & Turkmenistan (TKM),Rōd; Ṟōḏ,ROD,aqueduct (CNLA); distributary(-ies) (STMD); headwaters (STMH); intermittent stream (STMI); locality (LCTY); mountain (MT); section of stream (STMX); stream(s) (STM); valley(s) (VAL); wadi(s) (WAD)
Afghanistan (AFG),Rōdak,RODAK,intermittent stream (STMI)
Afghanistan (AFG),Ṟōḏe,RODE,stream(s) (STM)
Afghanistan (AFG) & Iran (IRN) & Pakistan (PAK),Rowd,ROWD,intermittent stream (STMI); stream(s) (STM)
Afghanistan (AFG),Rubāţ,RUBAT,intermittent stream (STMI)
Afghanistan (AFG) & Iran (IRN) & Pakistan (PAK) & Turkmenistan (TKM),Rud; Rūd,RUD,aqueduct (CNLA); intermittent stream (STMI); section of stream (STMX); stream(s) (STM)
Afghanistan (AFG),Rūdak,RUDAK,intermittent stream (STMI)
Afghanistan (AFG) & Iran (IRN) & Pakistan (PAK),Rūdkhāneh,RUDKHANEH,intermittent stream (STMI)
Afghanistan (AFG),Safārat,SAFARAT,diplomatic facility (DIP)
Afghanistan (AFG),Sāḩah,SAHAH,area (AREA)
Afghanistan (AFG),Sanātōrīum,SANATORIUM,hospital (HSP)
Afghanistan (AFG),Sang,SANG,mountain (MT); pass (PASS); peak(s) (PK); rock (RK)
Afghanistan (AFG) & Pakistan (PAK),Sar; Saṟ; Sār,SAR,glacier(s) (GLCR); hill (HLL); intermittent stream (STMI); mountain (MT); mountains (MTS); peak(s) (PK); plain(s) (PLN); ridge(s) (RDGE); section of stream (STMX); slope(s) (SLP); spur(s) (SPUR); stream(s) (STM); triangulation station (TRIG)
Afghanistan (AFG),Sarak,SARAK,road (RD); street (ST)
Afghanistan (AFG),Sarāy,SARAY,resthouse (RHSE)
Afghanistan (AFG),Sarband,SARBAND,mountains (MTS)
Afghanistan (AFG),Sardarah,SARDARAH,intermittent stream (STMI)
Afghanistan (AFG),Sar-e Kōh,SAREKOH,mountain (MT)
Afghanistan (AFG),Sar-e Kūh,SAREKUH,mountain (MT)
Afghanistan (AFG),Sar-e Shaylah,SARESHAYLAH,intermittent stream (STMI)
Afghanistan (AFG),Sar-e Shēlah,SARESHELAH,intermittent stream (STMI)
Afghanistan (AFG),Sarshaylahhā,SARSHAYLAHHA,headwaters (STMH)
Afghanistan (AFG),Sarshēlahhā,SARSHELAHHA,headwaters (STMH)
Afghanistan (AFG) & Turkmenistan (TKM),Sāy,SAY,intermittent stream (STMI); ravine(s) (RVN); stream(s) (STM)
Afghanistan (AFG),Sēla; S̄ēla,SELA,intermittent stream (STMI)
Afghanistan (AFG),Selseleh,SELSELEH,mountain (MT); mountains (MTS)
Afghanistan (AFG),Selseleh Kūh,SELSELEHKUH,mountains (MTS)
Afghanistan (AFG),Selseleh-ye Band,SELSELEHYEBAND,mountains (MTS)
Afghanistan (AFG),Selseleh-ye Kūh,SELSELEHYEKUH,mountains (MTS)
Afghanistan (AFG),Selseleh-ye Kūhhā,SELSELEHYEKUHHA,mountain (MT); mountains (MTS)
Afghanistan (AFG),Selseleh-ye Tappehhā,SELSELEHYETAPPEHHA,mountains (MTS)
Afghanistan (AFG),Shafākhānah,SHAFAKHANAH,hospital (HSP); medical center (CTRM)
Afghanistan (AFG),Shakh; Shākh; S̲h̲ākh,SHAKH,cliff(s) (CLF); intermittent stream (STMI); peak(s) (PK); spur(s) (SPUR)
Afghanistan (AFG) & Tajikistan (TJK),Shākh-e Daryā,SHAKHEDARYA,anabranch (STMA)
Afghanistan (AFG) & Tajikistan (TJK),Shākhhā-ye Daryā,SHAKHHAYEDARYA,anabranch (STMA)
Afghanistan (AFG) & China (CHN),Shankou,SHANKOU,pass (PASS)
Afghanistan (AFG) & Iran (IRN) & Pakistan (PAK),Shaylah,SHAYLAH,anabranch (STMA); headwaters (STMH); intermittent stream (STMI); ravine(s) (RVN); section of intermittent stream (STMIX); stream mouth(s) (STMM); stream(s) (STM); valley(s) (VAL)
Afghanistan (AFG),Shaylahhā,SHAYLAHHA,headwaters (STMH); intermittent stream (STMI)
Afghanistan (AFG) & Pakistan (PAK),Shela,SHELA,intermittent stream (STMI)
Afghanistan (AFG) & Iran (IRN),Shelah; Shēlah,SHELAH,anabranch (STMA); headwaters (STMH); intermittent stream (STMI); ravine(s) (RVN); section of intermittent stream (STMIX); slope(s) (SLP); stream mouth(s) (STMM); stream(s) (STM); valley(s) (VAL)
Afghanistan (AFG),Shēlahha; Shēlahhā,SHELAHHA,headwaters (STMH); intermittent stream (STMI)
Afghanistan (AFG),Shelleh,SHELLEH,intermittent stream (STMI); stream(s) (STM)
Afghanistan (AFG),Shêp,SHEP,depression(s) (DPR)
Afghanistan (AFG),Sheylah,SHEYLAH,intermittent stream (STMI)
Afghanistan (AFG),Shifā Khānah; Shifākhānah,SHIFAKHANAH,hospital (HSP)
Afghanistan (AFG),Shikastah,SHIKASTAH,upland (UPLD)
Afghanistan (AFG),Shīl,SHIL,intermittent stream (STMI)
Afghanistan (AFG),Shīlehhā,SHILEHHA,intermittent stream (STMI)
Afghanistan (AFG),Shōrahzār,SHORAHZAR,salt area (SALT)
Afghanistan (AFG),Shōrazār,SHORAZAR,salt area (SALT)
Afghanistan (AFG),S̲h̲ōwêndzāy,SHOWENDZAY,school (SCH)
Afghanistan (AFG),Shūr,SHUR,intermittent stream (STMI); ravine(s) (RVN)
Afghanistan (AFG),Shūrehzār,SHUREHZAR,salt area (SALT)
Afghanistan (AFG),Silsilah,SILSILAH,hills (HLLS); mountain (MT); mountains (MTS)
Afghanistan (AFG),Silsilah-e Kōh,SILSILAHEKOH,hills (HLLS)
Afghanistan (AFG),Silsilah Kōh,SILSILAHKOH,hills (HLLS)
Afghanistan (AFG),Silsilah-ye Band,SILSILAHYEBAND,mountains (MTS)
Afghanistan (AFG) & Turkmenistan (TKM),Silsilah-ye Jabāl,SILSILAHYEJABAL,mountains (MTS)
Afghanistan (AFG) & Turkmenistan (TKM),Silsilah-ye Kōh,SILSILAHYEKOH,mountains (MTS)
Afghanistan (AFG),Silsilah-ye Kōh-e,SILSILAHYEKOHE,mountains (MTS)
Afghanistan (AFG),Silsilah-ye Kōhhā,SILSILAHYEKOHHA,mountain (MT); mountains (MTS)
Afghanistan (AFG),Silsilah-ye Tapahhā,SILSILAHYETAPAHHA,hills (HLLS); mountains (MTS)
Afghanistan (AFG),Sīn,SIN,stream(s) (STM)
Afghanistan (AFG) & Pakistan (PAK),Sīnd,SIND,stream(s) (STM)
Afghanistan (AFG),Sīnimā,SINIMA,building(s) (BLDG)
Afghanistan (AFG),Siyāh,SIYAH,valley(s) (VAL)
Afghanistan (AFG) & Pakistan (PAK),Srah; Sṟah,SRAH,dune(s) (DUNE); ridge(s) (RDGE)
Afghanistan (AFG),Stadīūm,STADIUM,stadium (STDM)
Afghanistan (AFG),Staydīūm,STAYDIUM,stadium (STDM)
Afghanistan (AFG),Stayshan,STAYSHAN,power station (PS)
Afghanistan (AFG),Step’,STEP,plain(s) (PLN)
Afghanistan (AFG),Tagāb,TAGAB,intermittent stream (STMI); ravine(s) (RVN); stream(s) (STM); valley(s) (VAL)
Afghanistan (AFG),Tagāw,TAGAW,intermittent stream (STMI); ravine(s) (RVN); stream(s) (STM); valley(s) (VAL)
Afghanistan (AFG),Tahānah; Tahāṉah,TAHANAH,abandoned police post (PPQ); border post (PSTB); fort (FT); hill (HLL); patrol post (PSTP); police post (PP)
Afghanistan (AFG),Tahāneh,TAHANEH,abandoned police post (PPQ); border post (PSTB); police post (PP)
Afghanistan (AFG) & Iran (IRN),Takh,TAKH,intermittent stream (STMI)
Afghanistan (AFG),Takhchāh,TAKHCHAH,intermittent stream (STMI)
Afghanistan (AFG) & Iran (IRN),Takhe,TAKHE,intermittent stream (STMI)
Afghanistan (AFG),Takht,TAKHT,spur(s) (SPUR)
Afghanistan (AFG),Tal,TAL,hill (HLL); intermittent stream (STMI); mountain (MT)
Afghanistan (AFG),Tālāb,TALAB,intermittent stream (STMI)
Afghanistan (AFG),Tālah,TALAH,intermittent stream (STMI)
Afghanistan (AFG),Tālāw,TALAW,pond(s) (PND)
Afghanistan (AFG),Tall; Tāll,TALL,hill (HLL); mountain (MT)
Afghanistan (AFG),Ta‘mīr,TAMIR,building(s) (BLDG)
Afghanistan (AFG),Tanah; Tānah; Tāṉah,TANAH,border post (PSTB); fort (FT); patrol post (PSTP); police post (PP); ruin(s) (RUIN)
Afghanistan (AFG),Tang,TANG,gorge(s) (GRGE); pass (PASS)
Afghanistan (AFG),Tangah,TANGAH,gorge(s) (GRGE); mountain (MT)
Afghanistan (AFG) & Pakistan (PAK),Tangai; Tangaī,TANGAI,gorge(s) (GRGE); intermittent stream (STMI); locality (LCTY); mountain (MT); pass (PASS); ravine(s) (RVN); stream(s) (STM); valley(s) (VAL)
Afghanistan (AFG),Tangay,TANGAY,gorge(s) (GRGE); intermittent stream (STMI); mountain (MT); pass (PASS); ravine(s) (RVN); stream(s) (STM); valley(s) (VAL)
Afghanistan (AFG) & Pakistan (PAK),Tangi; Tangī,TANGI,gorge(s) (GRGE); intermittent stream (STMI); locality (LCTY); mountains (MTS); pass (PASS); ravine(s) (RVN); section of intermittent stream (STMIX); stream(s) (STM); valley(s) (VAL)
Afghanistan (AFG),Tapah,TAPAH,hill (HLL); hills (HLLS); mound(s) (MND); mountain (MT); mountains (MTS); ridge(s) (RDGE); section of populated place (PPLX)
Afghanistan (AFG),Tapahhā,TAPAHHA,hill (HLL); hills (HLLS); mountain (MT); mountains (MTS)
Afghanistan (AFG),Tappeh,TAPPEH,hill (HLL); hills (HLLS); mound(s) (MND); mountain (MT); mountains (MTS); ridge(s) (RDGE)
Afghanistan (AFG),Tappehha; Tappehhā,TAPPEHHA,hill (HLL); hills (HLLS); mountains (MTS)
Afghanistan (AFG),Tarakêy,TARAKEY,hill (HLL); mountain (MT)
Afghanistan (AFG),Tāwah,TAWAH,mountain (MT); ravine(s) (RVN)
Afghanistan (AFG),Taygh,TAYGH,divide (DVD); hill (HLL); mountain (MT); mountains (MTS); ridge(s) (RDGE); slope(s) (SLP)
Afghanistan (AFG),Tayghah,TAYGHAH,mountain (MT)
Afghanistan (AFG),Tayghhā-ye Band,TAYGHHAYEBAND,mountain (MT)
Afghanistan (AFG),Tēgh,TEGH,mountain (MT)
Afghanistan (AFG),Tepah,TEPAH,hill (HLL); mound(s) (MND); mountain (MT)
Afghanistan (AFG),Tīgh,TIGH,mountain (MT); mountains (MTS); ridge(s) (RDGE); slope(s) (SLP)
Afghanistan (AFG),Tīgh-e,TIGHE,mountain (MT)
Afghanistan (AFG),Tīghhā,TIGHHA,mountain (MT)
Afghanistan (AFG),Tīr,TIR,mountains (MTS); peak(s) (PK)
Afghanistan (AFG),Tīz̲h̲ah,TIZHAH,intermittent stream (STMI); mountain (MT); ridge(s) (RDGE)
Afghanistan (AFG) & Pakistan (PAK),Toi,TOI,intermittent stream (STMI)
Afghanistan (AFG),Tōnal,TONAL,canal tunnel (TNLC); tunnel(s) (TNL)
Afghanistan (AFG),Tōp,TOP,hill (HLL); mountain (MT); mountains (MTS); peak(s) (PK); ridge(s) (RDGE)
Afghanistan (AFG),Tōrah,TORAH,hill (HLL)
Afghanistan (AFG),Towp,TOWP,mountain (MT)
Afghanistan (AFG),Towrah,TOWRAH,hill (HLL); mountain (MT)
Afghanistan (AFG),Towy,TOWY,intermittent stream (STMI)
Afghanistan (AFG) & Pakistan (PAK),Tōy,TOY,intermittent stream (STMI); stream(s) (STM); valley(s) (VAL)
Afghanistan (AFG),Tsah; Tsāh,TSAH,abandoned well (WLLQ); intermittent stream (STMI); spring(s) (SPNG); water well(s) (WLL)
Afghanistan (AFG),Tsahān; Tsāhān,TSAHAN,water well(s) (WLL)
Afghanistan (AFG),Tsakah,TSAKAH,mountain (MT)
Afghanistan (AFG),Tsapêr,TSAPER,peak(s) (PK)
Afghanistan (AFG),Tsapêrah,TSAPERAH,mountain (MT)
Afghanistan (AFG),Tsêlaī,TSELAI,hill (HLL)
Afghanistan (AFG),Tshān,TSHAN,water well(s) (WLL)
Afghanistan (AFG) & Pakistan (PAK),Tsūkah,TSUKAH,hill (HLL); mountain (MT); peak(s) (PK)
Afghanistan (AFG),Tūnel,TUNEL,tunnel(s) (TNL)
Afghanistan (AFG),Tūrah; Tūṟah,TURAH,hill (HLL); mountain (MT); mountains (MTS); spur(s) (SPUR)
Afghanistan (AFG),Tūy,TUY,intermittent stream (STMI); stream(s) (STM)
Afghanistan (AFG),Ulusvali,ULUSVALI,second-order administrative division (ADM2)
Afghanistan (AFG),Urochishche,UROCHISHCHE,locality (LCTY)
Afghanistan (AFG),Urochishe,UROCHISHE,locality (LCTY)
Afghanistan (AFG),Ushchel’ye,USHCHELYE,gorge(s) (GRGE)
Afghanistan (AFG),Uween,UWEEN,pass (PASS)
Afghanistan (AFG) & Pakistan (PAK),Ūwīn,UWIN,pass (PASS)
Afghanistan (AFG),Vādī,VADI,anabranch (STMA); intermittent stream (STMI); stream(s) (STM); valley(s) (VAL); wadi(s) (WAD)
Afghanistan (AFG),Velāyat,VELAYAT,first-order administrative division (ADM1)
Afghanistan (AFG) & Pakistan (PAK),Wad,WAD,pass (PASS)
Afghanistan (AFG) & Turkmenistan (TKM),Wādī,WADI,anabranch (STMA); dry stream bed (SBED); gorge(s) (GRGE); intermittent stream (STMI); locality (LCTY); ravine(s) (RVN); slope(s) (SLP); stream(s) (STM); valley(s) (VAL); wadi(s) (WAD)
Afghanistan (AFG),Wālêh,WALEH,aqueduct (CNLA); canal (CNL); irrigation ditch (DTCHI)
Afghanistan (AFG),Wastah,WASTAH,desert (DSRT); intermittent lake(s) (LKI); lake bed(s) (LBED); reservoir(s) (RSV)
Afghanistan (AFG),Wāt; Wāṯ,WAT,street (ST)
Afghanistan (AFG),Wazārat,WAZARAT,administrative facility (ADMF); building(s) (BLDG)
Afghanistan (AFG),Wêrsêk,WERSEK,mountain (MT); spur(s) (SPUR)
Afghanistan (AFG),Wilāyat,WILAYAT,first-order administrative division (ADM1)
Afghanistan (AFG),Wiyālêh,WIYALEH,canal (CNL); irrigation ditch (DTCHI)
Afghanistan (AFG),Woluswālī,WOLUSWALI,second-order administrative division (ADM2)
Afghanistan (AFG),Wuluswālī,WULUSWALI,second-order administrative division (ADM2)
Afghanistan (AFG) & Pakistan (PAK),Wut,WUT,area (AREA)
Afghanistan (AFG),Yaylāq,YAYLAQ,camp(s) (CMP)
Afghanistan (AFG),Zābur,ZABUR,canal (CNL)
Afghanistan (AFG),Zāmkêy,ZAMKEY,intermittent stream (STMI)
Afghanistan (AFG),Zāwah,ZAWAH,intermittent stream (STMI)
Afghanistan (AFG) & Pakistan (PAK),Zawar,ZAWAR,intermittent stream (STMI); mountain (MT)
Afghanistan (AFG),Zhawar,ZHAWAR,intermittent stream (STMI)
Afghanistan (AFG),Zhawarah,ZHAWARAH,intermittent stream (STMI); valley(s) (VAL)
Afghanistan (AFG),Zhawêr; Zhāwêr,ZHAWER,intermittent stream (STMI); mountain (MT)
Afghanistan (AFG),Zhawêrah,ZHAWERAH,intermittent stream (STMI)
Afghanistan (AFG),Zhêy,ZHEY,mountain (MT)
Afghanistan (AFG),Zhrandah,ZHRANDAH,mill(s) (ML); water mill (MLWTR)
Afghanistan (AFG),Ziarat; Zīārat,ZIARAT,cemetery (CMTY); mosque (MSQE); shrine (SHRN); tomb(s) (TMB)
Afghanistan (AFG),Zimistānī,ZIMISTANI,camp(s) (CMP)
Afghanistan (AFG),Zīz̲h̲ah,ZIZHAH,ridge(s) (RDGE); spur(s) (SPUR)
Afghanistan (AFG) & Pakistan (PAK),Zom,ZOM,mountain (MT); mountains (MTS)
Afghanistan (AFG),Аэродром,АЭРОДРОМ,airfield (AIRF)
Afghanistan (AFG),Болото,БОЛОТО,marsh(es) (MRSH)
Afghanistan (AFG),Бугор,БУГОР,hill (HLL); mound(s) (MND)
Afghanistan (AFG),Водохранилище,ВОДОХРАНИЛИЩЕ,water tank (RSVT)
Afghanistan (AFG) & Pakistan (PAK),Гора,ГОРА,cave(s) (CAVE); hill (HLL); hills (HLLS); mound(s) (MND); mountain (MT); mountains (MTS); pass (PASS); peak(s) (PK); ridge(s) (RDGE); slope(s) (SLP); spur(s) (SPUR); valley(s) (VAL)
Afghanistan (AFG),Горный Проход,ГОРНЫЙПРОХОД,pass (PASS)
Afghanistan (AFG) & Pakistan (PAK),Горы,ГОРЫ,hill (HLL); hills (HLLS); mountain (MT); mountains (MTS); peak(s) (PK); plain(s) (PLN); ridge(s) (RDGE); slope(s) (SLP); spur(s) (SPUR)
Afghanistan (AFG),Грабница,ГРАБНИЦА,shrine (SHRN)
Afghanistan (AFG) & Tajikistan (TJK) & Turkmenistan (TKM) & Uzbekistan (UZB),дарё,ДАРЁ,stream(s) (STM)
Afghanistan (AFG),Долина,ДОЛИНА,intermittent stream (STMI); valley(s) (VAL)
Afghanistan (AFG),Зимовка,ЗИМОВКА,camp(s) (CMP)
Afghanistan (AFG),Источник,ИСТОЧНИК,spring(s) (SPNG)
Afghanistan (AFG),Канал,КАНАЛ,canal (CNL); canalized stream (STMC); distributary(-ies) (STMD)
Afghanistan (AFG),Кладбище,КЛАДБИЩЕ,cemetery (CMTY)
Afghanistan (AFG),Колодец,КОЛОДЕЦ,water well(s) (WLL)
Afghanistan (AFG),Крепость,КРЕПОСТЬ,fort (FT)
Afghanistan (AFG),Курган,КУРГАН,grave (GRVE)
Afghanistan (AFG),Кяриз,КЯРИЗ,underground irrigation canal(s) (CNLSB)
Afghanistan (AFG) & Tajikistan (TJK),Кӯп,КӮП,lake (LK)
Afghanistan (AFG) & Tajikistan (TJK),Кӯтал,КӮТАЛ,pass (PASS)
Afghanistan (AFG),Могила,МОГИЛА,cemetery (CMTY); grave (GRVE); monument (MNMT); shrine (SHRN)
Afghanistan (AFG),Мост,МОСТ,bridge (BDG)
Afghanistan (AFG),Мукомольни,МУКОМОЛЬНИ,water mill (MLWTR)
Afghanistan (AFG),Озеро,ОЗЕРО,lake (LK); pond(s) (PND)
Afghanistan (AFG),Падь,ПАДЬ,intermittent stream (STMI); ravine(s) (RVN)
Afghanistan (AFG),Перевал,ПЕРЕВАЛ,mountain (MT); pass (PASS)
Afghanistan (AFG),Пески,ПЕСКИ,dune(s) (DUNE)
Afghanistan (AFG),Пограничная Застава,ПОГРАНИЧНАЯЗАСТАВА,border post (PSTB); patrol post (PSTP)
Afghanistan (AFG),Равнина,РАВНИНА,plain(s) (PLN)
Afghanistan (AFG),Развалины,РАЗВАЛИНЫ,ruin(s) (RUIN)
Afghanistan (AFG),Родник,РОДНИК,spring(s) (SPNG)
Afghanistan (AFG),Сад,САД,orchard(s) (OCH)
Afghanistan (AFG),Степь,СТЕПЬ,desert (DSRT); mountain (MT); plain(s) (PLN)
Afghanistan (AFG),Сухое Русло,СУХОЕРУСЛО,dry stream bed (SBED); intermittent stream (STMI)
Afghanistan (AFG),Урочище,УРОЧИЩЕ,area (AREA); intermittent stream (STMI); locality (LCTY); plain(s) (PLN)
Afghanistan (AFG),Ущелье,УЩЕЛЬЕ,gorge(s) (GRGE); intermittent stream (STMI); ravine(s) (RVN)
Afghanistan (AFG) & Pakistan (PAK),Хребет,ХРЕБЕТ,mountain (MT); mountains (MTS)
Afghanistan (AFG),Шахта,ШАХТА,mine(s) (MN)
Afghanistan (AFG),آب,آب,salt lake(s) (LKN); spring(s) (SPNG); stream(s) (STM)
Afghanistan (AFG),آب دره,آبدره,intermittent stream (STMI)
Afghanistan (AFG),آسياب,آسياب,water mill (MLWTR)
Afghanistan (AFG),آسیا,آسیا,mill(s) (ML); water mill (MLWTR)
Afghanistan (AFG),آسیاب,آسیاب,mill(s) (ML); water mill (MLWTR)
Afghanistan (AFG),آغل,آغل,corral(s) (CRRL)
Afghanistan (AFG),اسياب,اسياب,mill(s) (ML)
Afghanistan (AFG),الگډ,الگډ,intermittent stream (STMI)
Afghanistan (AFG),انستیتوت,انستیتوت,factory (MFG)
Afghanistan (AFG),اوبه,اوبه,intermittent stream (STMI)
Afghanistan (AFG),بازار,بازار,market (MKT)
Afghanistan (AFG),باغ,باغ,garden(s) (GDN); locality (LCTY); orchard(s) (OCH); park (PRK); vineyard(s) (VIN)
Afghanistan (AFG),بانده,بانده,camp(s) (CMP)
Afghanistan (AFG),برج,برج,ruin(s) (RUIN); tower (TOWR)
Afghanistan (AFG),برجک,برجک,tower (TOWR)
Afghanistan (AFG) & Pakistan (PAK),بند,بند,dam (DAM); hill (HLL); hills (HLLS); intermittent stream (STMI); lake (LK); locality (LCTY); mountain (MT); mountains (MTS); pass (PASS); peak(s) (PK); plateau (PLAT); reservoir(s) (RSV); ridge(s) (RDGE); slope(s) (SLP); spur(s) (SPUR)
Afghanistan (AFG),بندې,بندې,mountains (MTS)
Afghanistan (AFG),بوت,بوت,mountain (MT)
Afghanistan (AFG),بولاق,بولاق,spring(s) (SPNG)
Afghanistan (AFG),بیاله,بیاله,canal (CNL); irrigation ditch (DTCHI)
Afghanistan (AFG),تالاب,تالاب,intermittent stream (STMI)
Afghanistan (AFG),تالاو,تالاو,pond(s) (PND)
Afghanistan (AFG),تاله,تاله,intermittent stream (STMI)
Afghanistan (AFG),تانه,تانه,patrol post (PSTP)
Afghanistan (AFG),تاڼه,تاڼه,border post (PSTB); fort (FT); police post (PP); ruin(s) (RUIN)
Afghanistan (AFG) & Iran (IRN),تخ,تخ,intermittent stream (STMI)
Afghanistan (AFG),تخت,تخت,spur(s) (SPUR)
Afghanistan (AFG),ترکۍ,ترکۍ,hill (HLL); mountain (MT)
Afghanistan (AFG),تعمير,تعمير,building(s) (BLDG)
Afghanistan (AFG),تل,تل,hill (HLL); intermittent stream (STMI); mountain (MT)
Afghanistan (AFG),تنگه,تنگه,gorge(s) (GRGE); mountain (MT)
Afghanistan (AFG),تنگی,تنگی,gorge(s) (GRGE); intermittent stream (STMI); locality (LCTY); mountain (MT); pass (PASS); ravine(s) (RVN); stream(s) (STM); valley(s) (VAL)
Afghanistan (AFG),تهانه,تهانه,abandoned police post (PPQ); border post (PSTB); fort (FT); hill (HLL); patrol post (PSTP); police post (PP)
Afghanistan (AFG),توره,توره,hill (HLL); mountain (MT); mountains (MTS); spur(s) (SPUR)
Afghanistan (AFG),تونل,تونل,canal tunnel (TNLC); tunnel(s) (TNL)
Afghanistan (AFG),توپ,توپ,hill (HLL); mountain (MT); mountains (MTS); peak(s) (PK); ridge(s) (RDGE)
Afghanistan (AFG) & Pakistan (PAK),توی,توی,intermittent stream (STMI); stream(s) (STM)
Afghanistan (AFG),تيغ,تيغ,divide (DVD); mountains (MTS); slope(s) (SLP)
Afghanistan (AFG),تيږه,تيږه,mountain (MT)
Afghanistan (AFG),تپه,تپه,hill (HLL); hills (HLLS); mound(s) (MND); mountain (MT); mountains (MTS); ridge(s) (RDGE)
Afghanistan (AFG),تپه ها,تپهها,hill (HLL); hills (HLLS); mountain (MT); mountains (MTS)
Afghanistan (AFG),تپّه,تپّه,hill (HLL)
Afghanistan (AFG),تگاب,تگاب,intermittent stream (STMI); stream(s) (STM); valley(s) (VAL)
Afghanistan (AFG),تگاو,تگاو,intermittent stream (STMI); ravine(s) (RVN); stream(s) (STM); valley(s) (VAL)
Afghanistan (AFG),تیر,تیر,mountains (MTS); peak(s) (PK)
Afghanistan (AFG),تیغ,تیغ,hill (HLL); mountain (MT); mountains (MTS); ridge(s) (RDGE); slope(s) (SLP)
Afghanistan (AFG),تیغه,تیغه,mountain (MT)
Afghanistan (AFG),تیغ های بند,تیغهایبند,mountain (MT)
Afghanistan (AFG),تیږه,تیږه,intermittent stream (STMI); mountain (MT); ridge(s) (RDGE)
Afghanistan (AFG),تېغ,تېغ,mountain (MT)
Afghanistan (AFG),جاده,جاده,road (RD); street (ST)
Afghanistan (AFG),جر,جر,ditch (DTCH); gorge(s) (GRGE); headwaters (STMH); intermittent stream (STMI); ravine(s) (RVN); ridge(s) (RDGE); section of intermittent stream (STMIX); section of stream (STMX); stream(s) (STM); valley(s) (VAL)
Afghanistan (AFG),جرها,جرها,intermittent stream (STMI)
Afghanistan (AFG),جزیره,جزیره,island (ISL); islands (ISLS)
Afghanistan (AFG),جماعت,جماعت,mosque (MSQE)
Afghanistan (AFG),جمهورئ,جمهورئ,independent political entity (PCLI)
Afghanistan (AFG),جمهوریت,جمهوریت,independent political entity (PCLI)
Afghanistan (AFG),جهيل,جهيل,lake (LK)
Afghanistan (AFG),جهیل,جهیل,reservoir(s) (RSV)
Afghanistan (AFG),جو,جو,stream(s) (STM)
Afghanistan (AFG) & Turkmenistan (TKM),جوی,جوی,aqueduct (CNLA); canal (CNL); canalized stream (STMC); ditch (DTCH); intermittent stream (STMI); irrigation ditch (DTCHI); locality (LCTY); mountain (MT); stream(s) (STM)
Afghanistan (AFG),حصار,حصار,fort (FT)
Afghanistan (AFG),حوض,حوض,intermittent lake(s) (LKI); lake (LK); pond(s) (PND); reservoir(s) (RSV); water tank (RSVT)
Afghanistan (AFG),حوضک,حوضک,pond(s) (PND)
Afghanistan (AFG),خانه,خانه,fort (FT); house(s) (HSE); ruin(s) (RUIN)
Afghanistan (AFG),خاوند,خاوند,hill (HLL)
Afghanistan (AFG),خاک,خاک,locality (LCTY)
Afghanistan (AFG),خرابه,خرابه,ruin(s) (RUIN)
Afghanistan (AFG),خرابې,خرابې,ruin(s) (RUIN)
Afghanistan (AFG),خرلبه,خرلبه,ruin(s) (RUIN)
Afghanistan (AFG),خره,خره,mountain (MT)
Afghanistan (AFG),خله,خله,mountain (MT)
Afghanistan (AFG),خواجه,خواجه,ruin(s) (RUIN)
Afghanistan (AFG),خوار,خوار,intermittent stream (STMI)
Afghanistan (AFG),خور,خور,intermittent stream (STMI)
Afghanistan (AFG),خوله,خوله,headwaters (STMH); hill (HLL); intermittent stream (STMI); locality (LCTY); mountain (MT); stream mouth(s) (STMM)
Afghanistan (AFG),خولگۍ,خولگۍ,intermittent stream (STMI)
Afghanistan (AFG) & Pakistan (PAK),خوړ,خوړ,area (AREA); headwaters (STMH); intermittent stream (STMI); stream(s) (STM); valley(s) (VAL)
Afghanistan (AFG),خوړه,خوړه,intermittent stream (STMI); stream(s) (STM)
Afghanistan (AFG),خوږ,خوږ,intermittent stream (STMI)
Afghanistan (AFG),خوی,خوی,stream(s) (STM)
Afghanistan (AFG),خټ,خټ,hill (HLL)
Afghanistan (AFG),داش,داش,limekiln (MFGLM)
Afghanistan (AFG),داغ,داغ,depression(s) (DPR); intermittent lake(s) (LKI)
Afghanistan (AFG),دامان,دامان,mountain (MT)
Afghanistan (AFG),دامنه,دامنه,slope(s) (SLP)
Afghanistan (AFG),دره,دره,canyon (CNYN); dry stream bed (SBED); gorge(s) (GRGE); intermittent stream (STMI); mountain (MT); plain(s) (PLN); ravine(s) (RVN); section of intermittent stream (STMIX); section of stream (STMX); section of valley (VALX); spring(s) (SPNG); stream(s) (STM); valley(s) (VAL)
Afghanistan (AFG),دره خشک,درهخشک,valley(s) (VAL)
Afghanistan (AFG),دره ها,درهها,intermittent stream (STMI)
Afghanistan (AFG) & Tajikistan (TJK),دريا,دريا,intermittent stream (STMI); stream(s) (STM)
Afghanistan (AFG),درياى,درياى,stream(s) (STM)
Afghanistan (AFG),دريای,دريای,intermittent stream (STMI)
Afghanistan (AFG),درک,درک,intermittent stream (STMI)
Afghanistan (AFG),درۀ,درۀ,stream(s) (STM)
Afghanistan (AFG) & Pakistan (PAK) & Tajikistan (TJK),دریا,دریا,distributary(-ies) (STMD); intermittent stream (STMI); section of stream (STMX); stream(s) (STM); valley(s) (VAL)
Afghanistan (AFG),دریاچه,دریاچه,lake (LK)
Afghanistan (AFG),دریای,دریای,stream(s) (STM)
Afghanistan (AFG),دستگاه,دستگاه,factory (MFG)
Afghanistan (AFG) & Iran (IRN),دشت,دشت,desert (DSRT); locality (LCTY); mountain (MT); mountains (MTS); plain(s) (PLN); plateau (PLAT); ruin(s) (RUIN); sand area (SAND); slope(s) (SLP)
Afghanistan (AFG),دشته,دشته,plain(s) (PLN)
Afghanistan (AFG),دغال,دغال,intermittent pool (POOLI)
Afghanistan (AFG),دكان,دكان,storehouse (SHSE)
Afghanistan (AFG),دم,دم,mountain (MT)
Afghanistan (AFG),دند,دند,lake bed(s) (LBED)
Afghanistan (AFG),ده,ده,populated place (PPL)
Afghanistan (AFG),دهان,دهان,section of intermittent stream (STMIX); stream mouth(s) (STMM); valley(s) (VAL)
Afghanistan (AFG),دهن,دهن,intermittent stream (STMI); plain(s) (PLN)
Afghanistan (AFG),دهنه,دهنه,intermittent stream (STMI)
Afghanistan (AFG),دومنده,دومنده,confluence (CNFL)
Afghanistan (AFG),دوه,دوه,valley(s) (VAL)
Afghanistan (AFG),دډلې,دډلې,intermittent stream (STMI)
Afghanistan (AFG),دښت,دښت,cultivated area (CULT); desert (DSRT); dune(s) (DUNE); plain(s) (PLN)
Afghanistan (AFG) & Pakistan (PAK),دښته,دښته,desert (DSRT); plain(s) (PLN)
Afghanistan (AFG),دکان,دکان,market (MKT)
Afghanistan (AFG),دکان ها,دکانها,market (MKT)
Afghanistan (AFG),دکانونه,دکانونه,market (MKT)
Afghanistan (AFG),دیوار,دیوار,wall (WALL)
Afghanistan (AFG),راغه,راغه,hill (HLL); mountain (MT); plain(s) (PLN); slope(s) (SLP)
Afghanistan (AFG),راغځای,راغځای,plain(s) (PLN)
Afghanistan (AFG),راه,راه,pass (PASS); road (RD); trail (TRL)
Afghanistan (AFG),رباط,رباط,resthouse (RHSE)
Afghanistan (AFG) & Iran (IRN) & Pakistan (PAK) & Turkmenistan (TKM),رود,رود,aqueduct (CNLA); distributary(-ies) (STMD); headwaters (STMH); intermittent stream (STMI); mountain (MT); section of stream (STMX); stream(s) (STM); valley(s) (VAL)
Afghanistan (AFG) & Iran (IRN) & Pakistan (PAK),رودخانه,رودخانه,intermittent stream (STMI)
Afghanistan (AFG),ريارت,ريارت,shrine (SHRN)
Afghanistan (AFG),ريگ,ريگ,dune(s) (DUNE); sand area (SAND)
Afghanistan (AFG),ریگ,ریگ,dune(s) (DUNE); sand area (SAND)
Afghanistan (AFG),ریگزار,ریگزار,sand area (SAND)
Afghanistan (AFG),ریگستان,ریگستان,area (AREA); desert (DSRT); dune(s) (DUNE); sand area (SAND)
Afghanistan (AFG),ریگی,ریگی,dune(s) (DUNE)
Afghanistan (AFG),رېگ,رېگ,dune(s) (DUNE); sand area (SAND)
Afghanistan (AFG),زابر,زابر,canal (CNL)
Afghanistan (AFG),زامکۍ,زامکۍ,intermittent stream (STMI)
Afghanistan (AFG),زاوه,زاوه,intermittent stream (STMI)
Afghanistan (AFG),زمستانی,زمستانی,camp(s) (CMP)
Afghanistan (AFG),زيارت,زيارت,shrine (SHRN); tomb(s) (TMB)
Afghanistan (AFG),زیارت,زیارت,cemetery (CMTY); mosque (MSQE); shrine (SHRN); tomb(s) (TMB)
Afghanistan (AFG),زیامرت,زیامرت,shrine (SHRN)
Afghanistan (AFG),زیږه,زیږه,ridge(s) (RDGE); spur(s) (SPUR)
Afghanistan (AFG),ساحه,ساحه,area (AREA)
Afghanistan (AFG) & Turkmenistan (TKM),سای,سای,intermittent stream (STMI); ravine(s) (RVN); stream(s) (STM)
Afghanistan (AFG),ستديوم,ستديوم,stadium (STDM)
Afghanistan (AFG),ستیشن,ستیشن,power station (PS)
Afghanistan (AFG) & Pakistan (PAK),سر,سر,hill (HLL); intermittent stream (STMI); mountain (MT); mountains (MTS); peak(s) (PK); plain(s) (PLN); ridge(s) (RDGE); section of stream (STMX); slope(s) (SLP); spur(s) (SPUR)
Afghanistan (AFG),سرای,سرای,resthouse (RHSE)
Afghanistan (AFG),سربند,سربند,mountains (MTS)
Afghanistan (AFG),سر شېله,سرشېله,intermittent stream (STMI)
Afghanistan (AFG),سرشېله ها,سرشېلهها,headwaters (STMH)
Afghanistan (AFG),سرک,سرک,road (RD); street (ST)
Afghanistan (AFG),سر کوه,سرکوه,mountain (MT)
Afghanistan (AFG),سسله کوه,سسلهکوه,mountains (MTS)
Afghanistan (AFG),سفارت,سفارت,diplomatic facility (DIP)
Afghanistan (AFG),سلسله,سلسله,hills (HLLS); mountain (MT); mountains (MTS)
Afghanistan (AFG),سلسله تپه ها,سلسلهتپهها,mountains (MTS)
Afghanistan (AFG),سلسله کوه,سلسلهکوه,hills (HLLS); mountains (MTS)
Afghanistan (AFG),سلسله کوه ها,سلسلهکوهها,mountains (MTS)
Afghanistan (AFG),سلسلۀ بند,سلسلۀبند,mountains (MTS)
Afghanistan (AFG),سلسلۀ تپه ها,سلسلۀتپهها,hills (HLLS); mountains (MTS)
Afghanistan (AFG) & Turkmenistan (TKM),سلسلۀ جبال,سلسلۀجبال,mountains (MTS)
Afghanistan (AFG) & Turkmenistan (TKM),سلسلۀ کوه,سلسلۀکوه,mountains (MTS)
Afghanistan (AFG),سلسلۀ کوه ها,سلسلۀکوهها,mountains (MTS)
Afghanistan (AFG),سناتوریم,سناتوریم,hospital (HSP)
Afghanistan (AFG),سنگ,سنگ,mountain (MT); pass (PASS); peak(s) (PK); rock (RK)
Afghanistan (AFG),سينما,سينما,building(s) (BLDG)
Afghanistan (AFG),سکی,سکی,stream(s) (STM)
Afghanistan (AFG),سیاه,سیاه,valley(s) (VAL)
Afghanistan (AFG),سین,سین,stream(s) (STM)
Afghanistan (AFG) & Pakistan (PAK),سیند,سیند,stream(s) (STM)
Afghanistan (AFG),شاخ,شاخ,cliff(s) (CLF); intermittent stream (STMI); peak(s) (PK); spur(s) (SPUR)
Afghanistan (AFG) & Tajikistan (TJK),شاخ دریا,شاخدریا,anabranch (STMA)
Afghanistan (AFG) & Tajikistan (TJK),شاخ های دریا,شاخهایدریا,anabranch (STMA)
Afghanistan (AFG),شته,شته,mountain (MT)
Afghanistan (AFG),شفاخانه,شفاخانه,hospital (HSP); medical center (CTRM)
Afghanistan (AFG),شورزار,شورزار,salt area (SALT)
Afghanistan (AFG) & Iran (IRN),شيله,شيله,intermittent stream (STMI); stream(s) (STM)
Afghanistan (AFG),شیل,شیل,intermittent stream (STMI)
Afghanistan (AFG) & Pakistan (PAK),شیله,شیله,intermittent stream (STMI); stream(s) (STM)
Afghanistan (AFG),شیله ها,شیلهها,intermittent stream (STMI)
Afghanistan (AFG),شېله,شېله,anabranch (STMA); headwaters (STMH); intermittent stream (STMI); ravine(s) (RVN); section of intermittent stream (STMIX); stream mouth(s) (STMM); stream(s) (STM); valley(s) (VAL)
Afghanistan (AFG),شېله ها,شېلهها,headwaters (STMH); intermittent stream (STMI)
Afghanistan (AFG),صديق,صديق,shrine (SHRN)
Afghanistan (AFG),غار,غار,cave(s) (CAVE); mountain (MT)
Afghanistan (AFG),غاړه,غاړه,hill (HLL); intermittent stream (STMI); mountain (MT); ridge(s) (RDGE)
Afghanistan (AFG) & Pakistan (PAK),غاښې,غاښې,mountain (MT); pass (PASS)
Afghanistan (AFG),غبرگ,غبرگ,intermittent stream (STMI)
Afghanistan (AFG),غبرگه,غبرگه,ravine(s) (RVN)
Afghanistan (AFG) & Pakistan (PAK),غر,غر,hill (HLL); hills (HLLS); mound(s) (MND); mountain (MT); mountains (MTS); pass (PASS); peak(s) (PK); ridge(s) (RDGE); slope(s) (SLP); spur(s) (SPUR)
Afghanistan (AFG) & Pakistan (PAK),غرونه,غرونه,hills (HLLS); mountain (MT); mountains (MTS); ridge(s) (RDGE)
Afghanistan (AFG),غرک,غرک,hill (HLL)
Afghanistan (AFG),غرگی,غرگی,hill (HLL); mountain (MT)
Afghanistan (AFG),غز,غز,mountain (MT)
Afghanistan (AFG),غندۍ,غندۍ,hill (HLL); mountain (MT)
Afghanistan (AFG),غنډیان,غنډیان,hills (HLLS)
Afghanistan (AFG),غنډی ها,غنډیها,mountain (MT); mountains (MTS)
Afghanistan (AFG),غنډۍ,غنډۍ,hill (HLL); hills (HLLS); locality (LCTY); mound(s) (MND); mountain (MT); mountains (MTS); peak(s) (PK); ridge(s) (RDGE); slope(s) (SLP); spur(s) (SPUR)
Afghanistan (AFG),غونډ,غونډ,dune(s) (DUNE); hill (HLL); locality (LCTY); mountain (MT)
Afghanistan (AFG),غونډيان,غونډيان,hill (HLL)
Afghanistan (AFG),غونډی,غونډی,hill (HLL); hills (HLLS); mountain (MT); mountains (MTS); slope(s) (SLP)
Afghanistan (AFG),غونډیان,غونډیان,hills (HLLS); mountains (MTS)
Afghanistan (AFG),غونډی ها,غونډیها,hills (HLLS)
Afghanistan (AFG),غونډۍ,غونډۍ,mountain (MT)
Afghanistan (AFG),غټې,غټې,ridge(s) (RDGE)
Afghanistan (AFG),فابريکه,فابريکه,factory (MFG)
Afghanistan (AFG),فابریکه,فابریکه,factory (MFG); ruin(s) (RUIN)
Afghanistan (AFG),فارم,فارم,farm(s) (FRM)
Afghanistan (AFG),فبريکه,فبريکه,factory (MFG)
Afghanistan (AFG),فرودگاه,فرودگاه,abandoned airfield (AIRQ)
Afghanistan (AFG),قبر,قبر,cemetery (CMTY); grave (GRVE); tomb(s) (TMB)
Afghanistan (AFG),قبرستان,قبرستان,cemetery (CMTY)
Afghanistan (AFG) & Lebanon (LBN) & Syria (SYR),قرنة,قرنة,mountain (MT)
Afghanistan (AFG),قصر,قصر,palace (PAL)
Afghanistan (AFG),قلعه,قلعه,fort (FT); ruin(s) (RUIN)
Afghanistan (AFG),قلفک,قلفک,sluice (SLCE)
Afghanistan (AFG),قله,قله,hill (HLL); mountain (MT); mountains (MTS); peak(s) (PK)
Afghanistan (AFG),قلّه,قلّه,mountains (MTS)
Afghanistan (AFG),قنات,قنات,underground irrigation canal(s) (CNLSB)
Afghanistan (AFG),قهل,قهل,ravine(s) (RVN)
Afghanistan (AFG),قودوق,قودوق,water well(s) (WLL)
Afghanistan (AFG),قول,قول,gorge(s) (GRGE); intermittent stream (STMI); peak(s) (PK); pond(s) (PND); ravine(s) (RVN); section of intermittent stream (STMIX); stream(s) (STM); valley(s) (VAL)
Afghanistan (AFG),قولک,قولک,intermittent stream (STMI)
Afghanistan (AFG),كارېز,كارېز,canal (CNL); underground irrigation canal(s) (CNLSB)
Afghanistan (AFG),كوه,كوه,mountain (MT); ridge(s) (RDGE)
Afghanistan (AFG),كڅ,كڅ,intermittent stream (STMI)
Afghanistan (AFG) & Pakistan (PAK),لار,لار,caravan route (RTE); road (RD); trail (TRL)
Afghanistan (AFG),لاش,لاش,ridge(s) (RDGE)
Afghanistan (AFG),لره,لره,trail (TRL)
Afghanistan (AFG),لهړ,لهړ,sand area (SAND)
Afghanistan (AFG),لهړۍ,لهړۍ,intermittent stream (STMI)
Afghanistan (AFG),ليسه,ليسه,school (SCH)
Afghanistan (AFG),لکۍ,لکۍ,slope(s) (SLP)
Afghanistan (AFG),لگد,لگد,intermittent stream (STMI)
Afghanistan (AFG),لگډ,لگډ,intermittent stream (STMI); locality (LCTY); stream(s) (STM); valley(s) (VAL)
Afghanistan (AFG),لگډه,لگډه,intermittent stream (STMI); mountain (MT); stream(s) (STM)
Afghanistan (AFG),لیسه,لیسه,school (SCH)
Afghanistan (AFG),مازر,مازر,shrine (SHRN)
Afghanistan (AFG),مامده,مامده,intermittent stream (STMI)
Afghanistan (AFG) & Pakistan (PAK),مانده,مانده,canalized stream (STMC); gorge(s) (GRGE); headwaters (STMH); intermittent stream (STMI); ravine(s) (RVN); ridge(s) (RDGE); section of intermittent stream (STMIX); section of stream (STMX); stream mouth(s) (STMM); stream(s) (STM); valley(s) (VAL); wadi(s) (WAD)
Afghanistan (AFG),ماندونه,ماندونه,intermittent stream (STMI)
Afghanistan (AFG),ماندې,ماندې,intermittent stream (STMI)
Afghanistan (AFG),محبس,محبس,abandoned prison (PRNQ); prison (PRN)
Afghanistan (AFG),محل,محل,area (AREA); locality (LCTY)
Afghanistan (AFG),مخزن,مخزن,reservoir(s) (RSV)
Afghanistan (AFG),مدرسه,مدرسه,religious center (CTRR)
Afghanistan (AFG),مزار,مزار,ruin(s) (RUIN); shrine (SHRN); tomb(s) (TMB)
Afghanistan (AFG),مسجد,مسجد,mosque (MSQE)
Afghanistan (AFG),مسزد,مسزد,mosque (MSQE)
Afghanistan (AFG),معدن,معدن,mine(s) (MN); quarry(-ies) (MNQR)
Afghanistan (AFG),مقابر,مقابر,cemetery (CMTY)
Afghanistan (AFG),مقبره,مقبره,shrine (SHRN)
Afghanistan (AFG),منده,منده,intermittent stream (STMI)
Afghanistan (AFG),منطقه,منطقه,area (AREA); locality (LCTY)
Afghanistan (AFG),موسسه,موسسه,college (SCHC)
Afghanistan (AFG),موړه,موړه,mountain (MT)
Afghanistan (AFG),ميدان هوائی,ميدانهوائی,airport (AIRP)
Afghanistan (AFG),مکتب,مکتب,ruin(s) (RUIN); school (SCH)
Afghanistan (AFG),مکتب ابتدائی,مکتبابتدائی,school (SCH)
Afghanistan (AFG),مکتب متوسطه,مکتبمتوسطه,school (SCH)
Afghanistan (AFG),میدان,میدان,area (AREA); athletic field (ATHF); plain(s) (PLN)
Afghanistan (AFG),میدان هوائی,میدانهوائی,abandoned airfield (AIRQ)
Afghanistan (AFG),مینا,مینا,area (AREA)
Afghanistan (AFG),ناره,ناره,intermittent stream (STMI)
Afghanistan (AFG),نازک,نازک,shrine (SHRN)
Afghanistan (AFG),ناله,ناله,intermittent stream (STMI)
Afghanistan (AFG),ناو,ناو,gorge(s) (GRGE); intermittent stream (STMI); mountain (MT); ravine(s) (RVN); section of stream (STMX); stream(s) (STM); valley(s) (VAL)
Afghanistan (AFG) & Pakistan (PAK),ناور,ناور,abandoned well (WLLQ); depression(s) (DPR); intermittent lake(s) (LKI); intermittent pond(s) (PNDI); intermittent stream (STMI); lake bed(s) (LBED); pond(s) (PND); reservoir(s) (RSV); valley(s) (VAL); water well(s) (WLL)
Afghanistan (AFG),ناوران,ناوران,intermittent lake(s) (LKI); lake bed(s) (LBED)
Afghanistan (AFG),ناورونه,ناورونه,depression(s) (DPR); lake bed(s) (LBED)
Afghanistan (AFG),ناوه,ناوه,canal (CNL); gorge(s) (GRGE); intermittent stream (STMI); locality (LCTY); ravine(s) (RVN); stream(s) (STM); valley(s) (VAL)
Afghanistan (AFG),ناوچه,ناوچه,intermittent stream (STMI)
Afghanistan (AFG),ناوگی,ناوگی,intermittent stream (STMI)
Afghanistan (AFG),نره,نره,intermittent stream (STMI)
Afghanistan (AFG),نرکی,نرکی,pass (PASS)
Afghanistan (AFG),نری,نری,intermittent stream (STMI); mountain (MT); pass (PASS)
Afghanistan (AFG),نرۍ,نرۍ,spring(s) (SPNG)
Afghanistan (AFG),نهر,نهر,abandoned canal (CNLQ); aqueduct (CNLA); canal (CNL); canalized stream (STMC); distributary(-ies) (STMD); intermittent stream (STMI); stream(s) (STM)
Afghanistan (AFG),نوه,نوه,stream(s) (STM)
Afghanistan (AFG) & Iran (IRN),هامون,هامون,lake (LK)
Afghanistan (AFG),هديره,هديره,cemetery (CMTY)
Afghanistan (AFG),هدیره,هدیره,cemetery (CMTY)
Afghanistan (AFG),هوائی ډگر,هوائیډگر,airport (AIRP)
Afghanistan (AFG),هوتل,هوتل,hotel (HTL)
Afghanistan (AFG),هوټل,هوټل,hotel (HTL)
Afghanistan (AFG),وات,وات,street (ST)
Afghanistan (AFG) & Turkmenistan (TKM),وادی,وادی,anabranch (STMA); dry stream bed (SBED); gorge(s) (GRGE); intermittent stream (STMI); locality (LCTY); ravine(s) (RVN); slope(s) (SLP); stream(s) (STM); valley(s) (VAL); wadi(s) (WAD)
Afghanistan (AFG),واله,واله,aqueduct (CNLA); canal (CNL); irrigation ditch (DTCHI)
Afghanistan (AFG),واټ,واټ,street (ST)
Afghanistan (AFG) & Pakistan (PAK),وت,وت,area (AREA)
Afghanistan (AFG),ورسک,ورسک,mountain (MT); spur(s) (SPUR)
Afghanistan (AFG),وزارت,وزارت,administrative facility (ADMF)
Afghanistan (AFG),وسته,وسته,desert (DSRT); intermittent lake(s) (LKI); lake bed(s) (LBED); reservoir(s) (RSV)
Afghanistan (AFG),ولايت,ولايت,first-order administrative division (ADM1)
Afghanistan (AFG),ولایت,ولایت,first-order administrative division (ADM1)
Afghanistan (AFG),ولسوالی,ولسوالی,second-order administrative division (ADM2)
Afghanistan (AFG),وياله,وياله,canal (CNL)
Afghanistan (AFG),ویاله,ویاله,canal (CNL); irrigation ditch (DTCHI)
Afghanistan (AFG),پارک,پارک,park (PRK)
Afghanistan (AFG),پاسگاه,پاسگاه,border post (PSTB); police post (PP)
Afghanistan (AFG),پاسگاه مرزي,پاسگاهمرزي,border post (PSTB)
Afghanistan (AFG),پاسگاه مرزی,پاسگاهمرزی,border post (PSTB); police post (PP)
Afghanistan (AFG),پاه,پاه,water well(s) (WLL)
Afghanistan (AFG),پایگاه,پایگاه,military installation (INSM)
Afghanistan (AFG),پتاو,پتاو,mountain (MT); slope(s) (SLP)
Afghanistan (AFG),پسته,پسته,hill (HLL)
Afghanistan (AFG),پشاه ها,پشاهها,mountain (MT)
Afghanistan (AFG),پشت,پشت,hill (HLL); mountain (MT)
Afghanistan (AFG),پشته,پشته,hill (HLL); hills (HLLS); intermittent stream (STMI); mound(s) (MND); mountain (MT); mountains (MTS); ridge(s) (RDGE); slope(s) (SLP); spur(s) (SPUR)
Afghanistan (AFG),پشته قلعه,پشتهقلعه,mountain (MT)
Afghanistan (AFG),پشته ها,پشتهها,hills (HLLS); locality (LCTY); mountain (MT); mountains (MTS)
Afghanistan (AFG),پشت کوه,پشتکوه,mountains (MTS)
Afghanistan (AFG),پشتی,پشتی,hills (HLLS)
Afghanistan (AFG),پشتې,پشتې,hills (HLLS)
Afghanistan (AFG),پل,پل,bridge (BDG); hill (HLL); hills (HLLS)
Afghanistan (AFG),پوره,پوره,spur(s) (SPUR)
Afghanistan (AFG),پوزه,پوزه,escarpment (SCRP); hill (HLL); mountain (MT); peak(s) (PK); ridge(s) (RDGE); slope(s) (SLP); spur(s) (SPUR)
Afghanistan (AFG),پوټی,پوټی,hill (HLL); mountain (MT)
Afghanistan (AFG),پوټیان,پوټیان,hills (HLLS)
Afghanistan (AFG),پښته,پښته,hill (HLL); hills (HLLS); mountain (MT)
Afghanistan (AFG),پښتې,پښتې,hill (HLL); hills (HLLS); mountain (MT)
Afghanistan (AFG),پیتو,پیتو,slope(s) (SLP)
Afghanistan (AFG),پېتاو,پېتاو,ridge(s) (RDGE); slope(s) (SLP)
Afghanistan (AFG),ځاه,ځاه,water well(s) (WLL)
Afghanistan (AFG),ځنگل,ځنگل,forest(s) (FRST)
Afghanistan (AFG),څاه,څاه,abandoned well (WLLQ); intermittent stream (STMI); water well(s) (WLL)
Afghanistan (AFG),څاهان,څاهان,water well(s) (WLL)
Afghanistan (AFG),څلی,څلی,hill (HLL)
Afghanistan (AFG),څهان,څهان,water well(s) (WLL)
Afghanistan (AFG) & Pakistan (PAK),څوکه,څوکه,hill (HLL); mountain (MT); peak(s) (PK)
Afghanistan (AFG),څپره,څپره,mountain (MT)
Afghanistan (AFG),څکه,څکه,mountain (MT)
Afghanistan (AFG),چاه,چاه,abandoned well (WLLQ); pass (PASS); spring(s) (SPNG); water well(s) (WLL)
Afghanistan (AFG),چاه ها,چاهها,water well(s) (WLL)
Afghanistan (AFG),چر,چر,intermittent stream (STMI)
Afghanistan (AFG),چشمه,چشمه,intermittent stream (STMI); locality (LCTY); spring(s) (SPNG); water well(s) (WLL)
Afghanistan (AFG),چمن,چمن,athletic field (ATHF); field(s) (FLD)
Afghanistan (AFG),چنې,چنې,spring(s) (SPNG)
Afghanistan (AFG),چهارراهی,چهارراهی,road junction (RDJCT); traffic circle (RDCR)
Afghanistan (AFG),چول,چول,desert (DSRT)
Afghanistan (AFG),چوک,چوک,intersection (RDIN); road junction (RDJCT); traffic circle (RDCR)
Afghanistan (AFG),چوکه,چوکه,peak(s) (PK)
Afghanistan (AFG),چينه,چينه,spring(s) (SPNG)
Afghanistan (AFG),چپشته,چپشته,mountain (MT)
Afghanistan (AFG),چینه,چینه,spring(s) (SPNG); water well(s) (WLL)
Afghanistan (AFG),چینک,چینک,spring(s) (SPNG)
Afghanistan (AFG),چینې,چینې,spring(s) (SPNG)
Afghanistan (AFG),ډاگ,ډاگ,area (AREA); cultivated area (CULT); plain(s) (PLN); sand area (SAND)
Afghanistan (AFG),ډنډ,ډنډ,intermittent lake(s) (LKI); lake (LK); mountain (MT)
Afghanistan (AFG),ډگر,ډگر,plain(s) (PLN)
Afghanistan (AFG),ژرنده,ژرنده,mill(s) (ML); water mill (MLWTR)
Afghanistan (AFG),ژور,ژور,intermittent stream (STMI); mountain (MT)
Afghanistan (AFG),ژوره,ژوره,intermittent stream (STMI)
Afghanistan (AFG),ژۍ,ژۍ,mountain (MT)
Afghanistan (AFG),ښاخ,ښاخ,intermittent stream (STMI)
Afghanistan (AFG),ښوون ځای; ښوونځای,ښوونځای,school (SCH)
Afghanistan (AFG),کاريز,کاريز,ruin(s) (RUIN); underground irrigation canal(s) (CNLSB)
Afghanistan (AFG),کاریز,کاریز,underground irrigation canal(s) (CNLSB)
Afghanistan (AFG) & Pakistan (PAK),کارېز,کارېز,abandoned canal (CNLQ); aqueduct (CNLA); canal (CNL); intermittent stream (STMI); irrigation ditch (DTCHI); stream(s) (STM); underground irrigation canal(s) (CNLSB); water well(s) (WLL)
Afghanistan (AFG) & Iran (IRN),کال,کال,intermittent stream (STMI)
Afghanistan (AFG),کتل,کتل,pass (PASS)
Afghanistan (AFG),کلا,کلا,fort (FT); ruin(s) (RUIN)
Afghanistan (AFG),کمر,کمر,hill (HLL); mountain (MT); ridge(s) (RDGE); slope(s) (SLP)
Afghanistan (AFG),کمپ,کمپ,camp(s) (CMP)
Afghanistan (AFG),کند,کند,hills (HLLS); intermittent stream (STMI)
Afghanistan (AFG),کنده,کنده,intermittent stream (STMI); stream(s) (STM)
Afghanistan (AFG) & Pakistan (PAK),کنډو,کنډو,gorge(s) (GRGE); intermittent stream (STMI); mountain (MT); pass (PASS)
Afghanistan (AFG) & Pakistan (PAK) & Tajikistan (TJK) & Turkmenistan (TKM),کوتل,کوتل,mine(s) (MN); mountain (MT); pass (PASS); slope(s) (SLP)
Afghanistan (AFG),کوتلِ,کوتلِ,pass (PASS)
Afghanistan (AFG),کور,کور,ruin(s) (RUIN)
Afghanistan (AFG) & Tajikistan (TJK),کول,کول,depression(s) (DPR); gorge(s) (GRGE); intermittent lake(s) (LKI); intermittent pond(s) (PNDI); lake (LK); marsh(es) (MRSH); pond(s) (PND); stream(s) (STM)
Afghanistan (AFG) & Iran (IRN) & Pakistan (PAK) & Turkmenistan (TKM),کوه,کوه,escarpment (SCRP); hill (HLL); hills (HLLS); intermittent stream (STMI); mountain (MT); mountains (MTS); pass (PASS); peak(s) (PK); ridge(s) (RDGE); slope(s) (SLP); spur(s) (SPUR)
Afghanistan (AFG),کوه بند,کوهبند,mountain (MT); mountains (MTS); ridge(s) (RDGE)
Afghanistan (AFG),کوه ترغی,کوهترغی,mountain (MT)
Afghanistan (AFG),کوه سر,کوهسر,mountain (MT)
Afghanistan (AFG),کوه ها,کوهها,hills (HLLS); mountain (MT); mountains (MTS); ridge(s) (RDGE)
Afghanistan (AFG),کوهک,کوهک,mountain (MT)
Afghanistan (AFG),کوهی,کوهی,water well(s) (WLL)
Afghanistan (AFG),کوټ,کوټ,fort (FT)
Afghanistan (AFG),کوچه,کوچه,street (ST)
Afghanistan (AFG),کویر,کویر,marsh(es) (MRSH)
Afghanistan (AFG),کڅ,کڅ,wetland (WTLD)
Afghanistan (AFG),گذر,گذر,pass (PASS)
Afghanistan (AFG),گردنه,گردنه,pass (PASS)
Afghanistan (AFG),گروهان,گروهان,military installation (INSM)
Afghanistan (AFG),گل,گل,stream(s) (STM)
Afghanistan (AFG),گمرک,گمرک,facility (FCL)
Afghanistan (AFG),گنبد,گنبد,cemetery (CMTY); shrine (SHRN)
Afghanistan (AFG),گندو,گندو,pass (PASS)
Afghanistan (AFG),گوتل,گوتل,pass (PASS)
Afghanistan (AFG),گود,گود,depression(s) (DPR); lake bed(s) (LBED)
Afghanistan (AFG),گولائی,گولائی,road bend (RDB)
Afghanistan (AFG),گټه,گټه,cliff(s) (CLF)
Afghanistan (AFG),گړنگ,گړنگ,cliff(s) (CLF)
Afghanistan (AFG),گیرو,گیرو,mountain (MT); slope(s) (SLP)
Afghanistan (AFG),ییلاق,ییلاق,camp(s) (CMP)
Afghanistan (AFG) & China (CHN),山口,山口,pass (PASS)
Afghanistan (AFG) & China (CHN),达坂,达坂,pass (PASS)
