﻿COUNTRY,GENERIC,SORT GENERIC,FEATURE DESIGNATION
Pakistan (PAK),Ab; Āb,AB,hill (HLL); intermittent lake(s) (LKI); intermittent pond(s) (PNDI); intermittent stream (STMI); lake bed(s) (LBED); spring(s) (SPNG); water well(s) (WLL)
Pakistan (PAK),Aghbargai,AGHBARGAI,intermittent stream (STMI)
Pakistan (PAK),Aghbargi,AGHBARGI,intermittent stream (STMI)
Pakistan (PAK),Agriculture Farm,AGRICULTUREFARM,farm(s) (FRM)
Pakistan (PAK),Alga,ALGA,stream(s) (STM)
Afghanistan (AFG) & Pakistan (PAK),Algad; Algaḏ,ALGAD,abandoned watercourse (STMQ); dry stream bed (SBED); headwaters (STMH); intermittent stream (STMI); lost river (STMSB); section of intermittent stream (STMIX); section of stream (STMX); spring(s) (SPNG); stream(s) (STM)
Afghanistan (AFG) & Pakistan (PAK),Algada; Algāda,ALGADA,dry stream bed (SBED); intermittent stream (STMI); stream(s) (STM)
Afghanistan (AFG) & Pakistan (PAK),An; Ān,AN,gap (GAP); mountain (MT); pass (PASS); ridge(s) (RDGE)
Pakistan (PAK),Apartment,APARTMENT,apartment building (BLDA)
Pakistan (PAK),Baba; Bāba,BABA,area (AREA)
Pakistan (PAK),Bagh; Bāgh,BAGH,abandoned farm (FRMQ); garden(s) (GDN); grove (GROVE); orchard(s) (OCH)
Pakistan (PAK),Baghicha,BAGHICHA,orchard(s) (OCH)
Afghanistan (AFG) & Iran (IRN) & Pakistan (PAK),Band,BAND,area (AREA); dam (DAM); dune(s) (DUNE); hill (HLL); hills (HLLS); intermittent stream (STMI); levee (LEV); mountain (MT); mountains (MTS); pass (PASS); peak(s) (PK); populated place (PPL); ridge(s) (RDGE); slope(s) (SLP); spur(s) (SPUR)
Pakistan (PAK),Banda,BANDA,stream(s) (STM)
Pakistan (PAK),Bandar,BANDAR,bight(s) (BGHT); hill (HLL); levee (LEV); port (PRT)
Pakistan (PAK),Bani,BANI,cultivated area (CULT)
Pakistan (PAK),Bar,BAR,intermittent stream (STMI); populated place (PPL); stream(s) (STM)
Pakistan (PAK),Barani,BARANI,area (AREA); locality (LCTY)
Pakistan (PAK),Barrage,BARRAGE,dam (DAM)
Pakistan (PAK),Barrak,BARRAK,ridge(s) (RDGE)
Pakistan (PAK),Basti,BASTI,abandoned populated place (PPLQ); populated place (PPL)
Pakistan (PAK),Bazar; Bāzār,BAZAR,market (MKT); section of populated place (PPLX)
Pakistan (PAK),Bela,BELA,island (ISL); populated place (PPL)
India (IND) & Pakistan (PAK),Bhit,BHIT,area (AREA); dune(s) (DUNE); hill (HLL); hills (HLLS); locality (LCTY); mountain (MT); triangulation station (TRIG); water tank (RSVT)
Pakistan (PAK),Bhut; Bhūt,BHUT,area (AREA); dune(s) (DUNE); hill (HLL); hills (HLLS); mountain (MT); ridge(s) (RDGE); triangulation station (TRIG)
Pakistan (PAK),Bhutt,BHUTT,hill (HLL)
Pakistan (PAK),Bilah; Bīlah,BILAH,hill (HLL); ridge(s) (RDGE)
Pakistan (PAK),Bit,BIT,hill (HLL); mountain (MT)
Pakistan (PAK),Branch,BRANCH,canal (CNL)
Pakistan (PAK),Bridge,BRIDGE,bridge (BDG)
Pakistan (PAK),Brok,BROK,hill (HLL); mountain (MT); promontory(-ies) (PROM); ridge(s) (RDGE); slope(s) (SLP); spur(s) (SPUR)
Pakistan (PAK),Bund,BUND,canal (CNL); dam (DAM); levee (LEV)
Pakistan (PAK),Burj,BURJ,tower (TOWR)
Pakistan (PAK),But,BUT,hill (HLL); hills (HLLS); mountain (MT)
Pakistan (PAK),Butt,BUTT,hill (HLL)
Pakistan (PAK),Canal,CANAL,canal (CNL)
Pakistan (PAK),Cattle Farm,CATTLEFARM,farm(s) (FRM)
Pakistan (PAK),Chah; Chāh,CHAH,abandoned well (WLLQ); hill (HLL); intermittent stream (STMI); locality (LCTY); populated place (PPL); spring(s) (SPNG); water tank (RSVT); water well(s) (WLL)
Pakistan (PAK),Chak; Chāk,CHAK,estate(s) (EST); farm(s) (FRM); mosque (MSQE); populated place (PPL); water well(s) (WLL)
Pakistan (PAK),Chakkul,CHAKKUL,spring(s) (SPNG)
Pakistan (PAK),Chakul,CHAKUL,intermittent stream (STMI); spring(s) (SPNG)
Pakistan (PAK),Chamak,CHAMAK,spring(s) (SPNG)
Pakistan (PAK),Chamuz; Chamūz,CHAMUZ,spring(s) (SPNG)
Pakistan (PAK),Channi,CHANNI,intermittent stream (STMI)
Pakistan (PAK),Chao,CHAO,spring(s) (SPNG)
Pakistan (PAK),Char,CHAR,intermittent stream (STMI); mountain (MT)
Pakistan (PAK),Chashma,CHASHMA,spring(s) (SPNG)
Pakistan (PAK),Chashmak,CHASHMAK,spring(s) (SPNG)
Pakistan (PAK),Chat,CHAT,spring(s) (SPNG); water well(s) (WLL)
Pakistan (PAK),Chauk,CHAUK,intersection (RDIN); road junction (RDJCT)
Pakistan (PAK),Chauki,CHAUKI,police post (PP)
Pakistan (PAK),Check Post,CHECKPOST,patrol post (PSTP)
Pakistan (PAK),Chhaho,CHHAHO,depression(s) (DPR); hill (HLL); sand area (SAND)
Pakistan (PAK),Chhat,CHHAT,intermittent lake(s) (LKI); intermittent pond(s) (PNDI); lake (LK); locality (LCTY); pond(s) (PND)
Pakistan (PAK),China; Chīna,CHINA,hill (HLL); pass (PASS); populated place (PPL); spring(s) (SPNG); water well(s) (WLL)
Pakistan (PAK),Chinah; Chīnah,CHINAH,spring(s) (SPNG)
Pakistan (PAK),Chino,CHINO,spring(s) (SPNG)
Afghanistan (AFG) & Pakistan (PAK),Chish; Chīsh; chish,CHISH,peak(s) (PK); triangulation station (TRIG)
Pakistan (PAK),Chishmak,CHISHMAK,spring(s) (SPNG)
Pakistan (PAK),Chong,CHONG,peak(s) (PK)
Pakistan (PAK),Chor,CHOR,intermittent stream (STMI)
Pakistan (PAK),Chouk,CHOUK,road junction (RDJCT)
Pakistan (PAK),Chowk,CHOWK,intersection (RDIN); road junction (RDJCT); traffic circle (RDCR)
Pakistan (PAK),Chowrangi,CHOWRANGI,road junction (RDJCT)
Afghanistan (AFG) & Pakistan (PAK),Chur,CHUR,intermittent stream (STMI); spring(s) (SPNG); stream(s) (STM)
Pakistan (PAK),College,COLLEGE,college (SCHC)
Pakistan (PAK),Cotton Factory,COTTONFACTORY,factory (MFG)
Pakistan (PAK),Creek,CREEK,stream(s) (STM)
Pakistan (PAK),Dab,DAB,intermittent stream (STMI); stream(s) (STM)
China (CHN) & Pakistan (PAK),Daban,DABAN,pass (PASS)
Pakistan (PAK),Dahar,DAHAR,area (AREA); dune(s) (DUNE); hill (HLL); hills (HLLS); locality (LCTY); mud flat(s) (FLTM); ridge(s) (RDGE)
Pakistan (PAK),Dahari,DAHARI,mud flat(s) (FLTM)
Pakistan (PAK),Dairy Farm,DAIRYFARM,dairy (DARY); farm(s) (FRM)
Pakistan (PAK),Dal,DAL,intermittent stream (STMI); stream(s) (STM)
Pakistan (PAK),Dam,DAM,reservoir(s) (RSV)
Pakistan (PAK),Damb,DAMB,hill (HLL)
Pakistan (PAK),Dand,DAND,intermittent lake(s) (LKI); intermittent pond(s) (PNDI); lake (LK); pond(s) (PND); water well(s) (WLL)
Pakistan (PAK),Danna,DANNA,mountain (MT); mountains (MTS)
Afghanistan (AFG) & Pakistan (PAK),Dara,DARA,dune(s) (DUNE); hill (HLL); intermittent stream (STMI); stream(s) (STM); triangulation station (TRIG)
Pakistan (PAK),Darah,DARAH,glacier(s) (GLCR); pass (PASS); valley(s) (VAL)
Pakistan (PAK),Darbah,DARBAH,tomb(s) (TMB)
Pakistan (PAK),Darbar,DARBAR,cemetery (CMTY); grave (GRVE); locality (LCTY); mosque (MSQE); populated place (PPL); shrine (SHRN); temple(s) (TMPL); tomb(s) (TMB)
Pakistan (PAK),Dargah,DARGAH,religious center (CTRR); shrine (SHRN)
Pakistan (PAK),Dargha,DARGHA,tomb(s) (TMB)
Pakistan (PAK),Dari,DARI,dune(s) (DUNE)
Pakistan (PAK),Daro,DARO,dune(s) (DUNE); hill (HLL)
Pakistan (PAK),Darra,DARRA,area (AREA); gorge(s) (GRGE); intermittent stream (STMI); pass (PASS); ravine(s) (RVN); stream(s) (STM); valley(s) (VAL)
Afghanistan (AFG) & Pakistan (PAK),Darya; Daryā,DARYA,anabranch (STMA); section of stream (STMX); stream(s) (STM); tidal creek(s) (CRKT); valley(s) (VAL)
Afghanistan (AFG) & Pakistan (PAK),Dasht,DASHT,area (AREA); cultivated area (CULT); desert (DSRT); plain(s) (PLN)
Afghanistan (AFG) & Pakistan (PAK),Das̲h̲tah,DASHTAH,plain(s) (PLN)
Afghanistan (AFG) & Pakistan (PAK),Dashteh,DASHTEH,plain(s) (PLN)
China (CHN) & Pakistan (PAK),Dawan; Dawān,DAWAN,pass (PASS)
Pakistan (PAK),Dhaka,DHAKA,mountain (MT); triangulation station (TRIG)
India (IND) & Pakistan (PAK),Dhand,DHAND,canal (CNL); intermittent lake(s) (LKI); intermittent oxbow lake (LKOI); intermittent pond(s) (PNDI); intermittent stream (STMI); lake (LK); lake bed(s) (LBED); lakes (LKS); marsh(es) (MRSH); oxbow lake (LKO); populated place (PPL); reservoir(s) (RSV); salt lake(s) (LKN); salt marsh (MRSHN); section of lake (LKX); stream(s) (STM); tidal creek(s) (CRKT); water tank (RSVT); wetland (WTLD)
Pakistan (PAK),Dhanda,DHANDA,lake (LK)
Afghanistan (AFG) & India (IND) & Pakistan (PAK),Dhar; Dhār,DHAR,intermittent stream (STMI); mountain (MT); mountains (MTS); ridge(s) (RDGE); spur(s) (SPUR)
Pakistan (PAK),Dharo,DHARO,canal (CNL)
Pakistan (PAK),Dher,DHER,mountain (MT)
Pakistan (PAK),Dheri,DHERI,hill (HLL); hills (HLLS); mound(s) (MND); mountain (MT); ridge(s) (RDGE)
Pakistan (PAK),Dhingan; Dhīngan,DHINGAN,resthouse (RHSE)
Pakistan (PAK),Dhor,DHOR,intermittent stream (STMI); stream(s) (STM)
India (IND) & Pakistan (PAK),Dhora,DHORA,intermittent reservoir (RSVI); intermittent stream (STMI); stream(s) (STM); tidal creek(s) (CRKT)
Pakistan (PAK),Dhore,DHORE,intermittent stream (STMI)
Pakistan (PAK),Dhori,DHORI,intermittent stream (STMI); stream(s) (STM)
India (IND) & Pakistan (PAK),Dhoro,DHORO,canal (CNL); canalized stream (STMC); intermittent lake(s) (LKI); intermittent stream (STMI); lake (LK); oxbow lake (LKO); stream(s) (STM); tidal creek(s) (CRKT)
Pakistan (PAK),Dhoror,DHOROR,intermittent stream (STMI)
Pakistan (PAK),Dik,DIK,hill (HLL); hills (HLLS); mountain (MT); ridge(s) (RDGE)
Pakistan (PAK),Diq,DIQ,hill (HLL); mountain (MT)
Pakistan (PAK),Dir; Dīr,DIR,spring(s) (SPNG)
Pakistan (PAK),District,DISTRICT,third-order administrative division (ADM3)
Pakistan (PAK),Dola,DOLA,intermittent stream (STMI)
Pakistan (PAK),Dor,DOR,tidal creek(s) (CRKT)
Pakistan (PAK),Dun,DUN,water well(s) (WLL)
Pakistan (PAK),Dungi,DUNGI,hill (HLL)
Pakistan (PAK),Dungri,DUNGRI,hill (HLL)
Pakistan (PAK),Dur,DUR,stream(s) (STM)
Pakistan (PAK),Factory,FACTORY,factory (MFG); section of populated place (PPLX)
Pakistan (PAK),Farm,FARM,abandoned farm (FRMQ); farm(s) (FRM)
China (CHN) & Pakistan (PAK),Feng,FENG,mountain (MT)
Pakistan (PAK),Forest,FOREST,forest reserve (RESF)
India (IND) & Pakistan (PAK),Gah; Gāh,GAH,intermittent stream (STMI); populated place (PPL); section of stream (STMX); stream(s) (STM)
Pakistan (PAK),Gal,GAL,pass (PASS); stream(s) (STM)
Pakistan (PAK),Gala,GALA,pass (PASS)
India (IND) & Pakistan (PAK),Gali,GALI,locality (LCTY); pass (PASS); populated place (PPL)
Pakistan (PAK),Galli,GALLI,pass (PASS)
Pakistan (PAK),Gar,GAR,hill (HLL); hills (HLLS); intermittent stream (STMI); mountain (MT); spring(s) (SPNG); stream(s) (STM); triangulation station (TRIG)
Pakistan (PAK),Garden,GARDEN,garden(s) (GDN)
Pakistan (PAK),Garr,GARR,intermittent stream (STMI)
Pakistan (PAK),Gat,GAT,intermittent stream (STMI); locality (LCTY); mountain (MT); spring(s) (SPNG); stream(s) (STM)
Pakistan (PAK),Ghakhai,GHAKHAI,hill (HLL); pass (PASS); ridge(s) (RDGE)
Afghanistan (AFG) & Pakistan (PAK),Ghar; Ghaṟ,GHAR,hill (HLL); hills (HLLS); intermittent stream (STMI); mountain (MT); mountains (MTS); pass (PASS); peak(s) (PK); ravine(s) (RVN); ridge(s) (RDGE); saddle (SDL); spur(s) (SPUR); stream(s) (STM); triangulation station (TRIG)
Pakistan (PAK),Ghara,GHARA,hill (HLL); mountain (MT); mountains (MTS); ridge(s) (RDGE)
Pakistan (PAK),Ghari,GHARI,hill (HLL); mountain (MT); ridge(s) (RDGE)
Afghanistan (AFG) & Pakistan (PAK),Ghās̲h̲ē,GHASHE,pass (PASS)
Pakistan (PAK),Ghat,GHAT,intermittent stream (STMI)
Pakistan (PAK),Ghaundai,GHAUNDAI,mountain (MT)
Pakistan (PAK),Ghhol,GHHOL,stream(s) (STM)
Afghanistan (AFG) & Pakistan (PAK),Ghora,GHORA,mountain (MT)
Afghanistan (AFG) & Pakistan (PAK),Ghṟuna,GHRUNA,mountains (MTS)
Afghanistan (AFG) & Pakistan (PAK),Ghrūnah,GHRUNAH,mountains (MTS)
Pakistan (PAK),Ghund,GHUND,hill (HLL); hills (HLLS); mountain (MT); mountains (MTS); peak(s) (PK); ridge(s) (RDGE); triangulation station (TRIG)
Afghanistan (AFG) & Pakistan (PAK),Ghundai,GHUNDAI,hill (HLL); mountain (MT); mountains (MTS); peak(s) (PK); ridge(s) (RDGE); slope(s) (SLP)
Pakistan (PAK),Ghundakai,GHUNDAKAI,mountain (MT)
Afghanistan (AFG) & Pakistan (PAK),Ghunḏêy,GHUNDEY,mountain (MT)
Pakistan (PAK),Ghundi,GHUNDI,hill (HLL); hills (HLLS); mountain (MT); ridge(s) (RDGE)
Pakistan (PAK),Ghundiān,GHUNDIAN,area (AREA)
Pakistan (PAK),Godown,GODOWN,storehouse (SHSE)
Pakistan (PAK),Gol,GOL,intermittent stream (STMI); stream(s) (STM)
Afghanistan (AFG) & Pakistan (PAK),Gora,GORA,mountain (MT)
Afghanistan (AFG) & Pakistan (PAK),Gory,GORY,mountains (MTS)
Pakistan (PAK),Goth,GOTH,populated place (PPL)
Pakistan (PAK),Graves,GRAVES,cemetery (CMTY)
Pakistan (PAK),Gudar,GUDAR,ferry (FY)
Pakistan (PAK),Gund,GUND,hill (HLL)
Afghanistan (AFG) & Pakistan (PAK),Gundai,GUNDAI,mountain (MT)
Pakistan (PAK),Hadira; Hadīra,HADIRA,cemetery (CMTY); grave (GRVE)
Afghanistan (AFG) & Pakistan (PAK),Hamun; Hāmūn,HAMUN,lake bed(s) (LBED)
Pakistan (PAK),Har,HAR,stream(s) (STM)
China (CHN) & India (IND) & Pakistan (PAK),He,HE,stream(s) (STM)
Pakistan (PAK),Health Centre,HEALTHCENTRE,clinic (HSPC)
Pakistan (PAK),High School,HIGHSCHOOL,school (SCH)
Pakistan (PAK),Hill,HILL,mountain (MT)
Pakistan (PAK),Hor,HOR,lagoon(s) (LGN); marine channel (CHNM); section of lagoon (LGNX)
Pakistan (PAK),Hospital,HOSPITAL,hospital (HSP)
Pakistan (PAK),Hostel,HOSTEL,apartment building (BLDA); building(s) (BLDG); hotel (HTL)
Pakistan (PAK),Hotel,HOTEL,hotel (HTL)
Pakistan (PAK),Ice Factory,ICEFACTORY,factory (MFG)
Pakistan (PAK),Imam Bargah,IMAMBARGAH,mosque (MSQE)
Pakistan (PAK),Jabal,JABAL,escarpment (SCRP); hill (HLL); hills (HLLS); mountain (MT); mountains (MTS); ridge(s) (RDGE)
Pakistan (PAK),Jail,JAIL,prison (PRN)
Pakistan (PAK),Jamat,JAMAT,mosque (MSQE)
Pakistan (PAK),Jangal,JANGAL,forest(s) (FRST)
Pakistan (PAK),Jar,JAR,intermittent stream (STMI)
Pakistan (PAK),Jebel,JEBEL,mountain (MT); mountains (MTS)
Pakistan (PAK),Jhal,JHAL,intermittent stream (STMI); section of intermittent stream (STMIX); stream(s) (STM)
Pakistan (PAK),Jhall,JHALL,intermittent stream (STMI)
Pakistan (PAK),Jhar,JHAR,intermittent stream (STMI)
Pakistan (PAK),Jhat,JHAT,intermittent stream (STMI)
Pakistan (PAK),Jhil,JHIL,lake (LK)
Pakistan (PAK),Jhl,JHL,lake (LK)
Pakistan (PAK),Jhok,JHOK,estate(s) (EST); farm(s) (FRM)
Pakistan (PAK),Jhur,JHUR,intermittent stream (STMI); stream(s) (STM)
Pakistan (PAK),Jilga,JILGA,stream(s) (STM)
Pakistan (PAK),Johr,JOHR,intermittent stream (STMI)
Pakistan (PAK),Jumat,JUMAT,mosque (MSQE)
Pakistan (PAK),Jump,JUMP,ridge(s) (RDGE)
Pakistan (PAK),Jur,JUR,intermittent stream (STMI)
Pakistan (PAK),Kalat; Kalāt,KALAT,fort (FT); hill (HLL); ruin(s) (RUIN)
Afghanistan (AFG) & Pakistan (PAK),Kamar,KAMAR,cliff(s) (CLF); hill (HLL); mountain (MT); mountains (MTS); peak(s) (PK); spur(s) (SPUR)
Pakistan (PAK),Kand,KAND,intermittent stream (STMI); pass (PASS)
Pakistan (PAK),Kanda,KANDA,dune(s) (DUNE); intermittent stream (STMI); stream(s) (STM)
Pakistan (PAK),Kandag,KANDAG,pass (PASS)
Pakistan (PAK),Kandah,KANDAH,canal (CNL); intermittent stream (STMI); stream(s) (STM)
Pakistan (PAK),Kandai,KANDAI,intermittent stream (STMI)
Pakistan (PAK),Kandak,KANDAK,pass (PASS)
Afghanistan (AFG) & Pakistan (PAK),Kandao; Kandāo,KANDAO,gap (GAP); mountain (MT); pass (PASS); populated place (PPL)
Afghanistan (AFG) & Pakistan (PAK),Kandaw; Kanḏaw,KANDAW,mountain (MT); pass (PASS)
Pakistan (PAK),Kandeg,KANDEG,pass (PASS)
Pakistan (PAK),Kando,KANDO,pass (PASS)
Afghanistan (AFG) & Pakistan (PAK),Kandow; Kanḏow,KANDOW,mountain (MT); pass (PASS)
China (CHN) & India (IND) & Pakistan (PAK),Kangri,KANGRI,peak(s) (PK)
Pakistan (PAK),Kanrai; Kānrai,KANRAI,cliff(s) (CLF); hill (HLL); mountain (MT)
Pakistan (PAK),Kanre; Kānre,KANRE,hill (HLL); mountain (MT)
Pakistan (PAK),Kanri,KANRI,mountain (MT); pass (PASS)
Pakistan (PAK),Kanwān,KANWAN,intermittent stream (STMI)
Pakistan (PAK),Kar; Kār,KAR,intermittent stream (STMI); stream(s) (STM); tidal creek(s) (CRKT)
Afghanistan (AFG) & Pakistan (PAK),Karez; Kãrez; Kārez; Kārēz,KAREZ,abandoned canal (CNLQ); canal (CNL); intermittent stream (STMI); populated place (PPL); spring(s) (SPNG); stream(s) (STM); underground irrigation canal(s) (CNLSB); water well(s) (WLL)
Pakistan (PAK),Karher,KARHER,intermittent stream (STMI); stream(s) (STM)
Afghanistan (AFG) & India (IND) & Pakistan (PAK),Kas; Kās,KAS,canal (CNL); intermittent stream (STMI); ravine(s) (RVN); section of stream (STMX); stream(s) (STM); swamp (SWMP)
Pakistan (PAK),Kasi,KASI,canal (CNL); intermittent stream (STMI); stream(s) (STM)
Pakistan (PAK),Kass,KASS,intermittent stream (STMI); stream(s) (STM)
Pakistan (PAK),Kassi,KASSI,abandoned watercourse (STMQ); canal (CNL); intermittent stream (STMI); stream(s) (STM)
India (IND) & Pakistan (PAK),Katha,KATHA,intermittent stream (STMI); populated place (PPL); section of stream (STMX); stream(s) (STM)
Afghanistan (AFG) & Iran (IRN) & Pakistan (PAK),Kaur; Kaūr,KAUR,intermittent stream (STMI); section of intermittent stream (STMIX); section of stream (STMX); stream(s) (STM); tidal creek(s) (CRKT)
Pakistan (PAK),Kaure,KAURE,intermittent stream (STMI)
Pakistan (PAK),Kauri,KAURI,intermittent stream (STMI)
Pakistan (PAK),Kaurs,KAURS,intermittent stream (STMI)
Pakistan (PAK),Kaurur,KAURUR,tidal creek(s) (CRKT)
Pakistan (PAK),Khad; Khād,KHAD,intermittent stream (STMI); stream(s) (STM)
Pakistan (PAK),Khaiaban,KHAIABAN,road (RD); street (ST)
Iran (IRN) & Pakistan (PAK),Khalīj,KHALIJ,bay(s) (BAY)
Pakistan (PAK),Khan; Khān,KHAN,country house (HSEC); populated place (PPL); resthouse (RHSE)
Pakistan (PAK),Khand,KHAND,mountain (MT); pass (PASS)
Pakistan (PAK),Khandol,KHANDOL,pass (PASS)
Pakistan (PAK),Khangah; Khāngāh,KHANGAH,cemetery (CMTY); shrine (SHRN)
Pakistan (PAK),Khanqah; Khānqāh,KHANQAH,cemetery (CMTY); grave (GRVE); mosque (MSQE); religious center (CTRR); shrine (SHRN); temple(s) (TMPL); tomb(s) (TMB)
Pakistan (PAK),Khar,KHAR,canal (CNL); intermittent stream (STMI); mountain (MT); stream(s) (STM)
Pakistan (PAK),Khassadar Post,KHASSADARPOST,police post (PP)
Pakistan (PAK),Khatha,KHATHA,stream(s) (STM)
Pakistan (PAK),Khaur,KHAUR,intermittent stream (STMI)
Pakistan (PAK),Khawan,KHAWAN,intermittent stream (STMI)
Pakistan (PAK),Khawar,KHAWAR,intermittent stream (STMI); stream(s) (STM)
Pakistan (PAK),Khawara,KHAWARA,intermittent stream (STMI); stream(s) (STM)
Pakistan (PAK),Khawari,KHAWARI,intermittent stream (STMI)
Pakistan (PAK),Khayaban,KHAYABAN,road (RD); street (ST)
Pakistan (PAK),Khel,KHEL,area (AREA); locality (LCTY); tribal area (TRB)
Pakistan (PAK),Khor,KHOR,intermittent stream (STMI); lagoon(s) (LGN); stream(s) (STM); tidal creek(s) (CRKT)
Pakistan (PAK),Khosho,KHOSHO,intermittent stream (STMI); stream(s) (STM)
Afghanistan (AFG) & Pakistan (PAK),Khrebet,KHREBET,mountains (MTS)
Pakistan (PAK),Khu,KHU,abandoned well (WLLQ); intermittent reservoir (RSVI); populated place (PPL); water well(s) (WLL)
Pakistan (PAK),Khuh; Khūh,KHUH,water well(s) (WLL)
Pakistan (PAK),Khui; Khūi,KHUI,water well(s) (WLL)
Afghanistan (AFG) & Pakistan (PAK),Khula,KHULA,intermittent stream (STMI); mountain (MT); stream mouth(s) (STMM); stream(s) (STM); water well(s) (WLL)
Pakistan (PAK),Khule,KHULE,intermittent stream (STMI)
Afghanistan (AFG) & Pakistan (PAK),Khwar; Khwaṟ; Khwār,KHWAR,canal (CNL); intermittent stream (STMI); ravine(s) (RVN); section of stream (STMX); stream(s) (STM)
Pakistan (PAK),Khwara; Khwāra,KHWARA,anabranch (STMA); intermittent stream (STMI); section of stream (STMX); stream(s) (STM)
Pakistan (PAK),Khwāre,KHWARE,intermittent stream (STMI)
Pakistan (PAK),Khwula,KHWULA,intermittent stream (STMI)
Pakistan (PAK),Khyaban; Khyabān; Khyābān,KHYABAN,road (RD)
Pakistan (PAK),Kili,KILI,populated place (PPL)
Afghanistan (AFG) & Iran (IRN) & Pakistan (PAK),Koh; Kōh,KOH,dune(s) (DUNE); hill (HLL); hills (HLLS); mountain (MT); mountains (MTS); peak(s) (PK); plateau (PLAT); ridge(s) (RDGE); section of peninsula (PENX); triangulation station (TRIG); upland (UPLD)
Afghanistan (AFG) & Pakistan (PAK),Kohe,KOHE,mountain (MT)
Iran (IRN) & Pakistan (PAK),Kohi,KOHI,intermittent pond(s) (PNDI); mountain (MT); ridge(s) (RDGE)
Pakistan (PAK),Kolodets,KOLODETS,locality (LCTY); spring(s) (SPNG); water well(s) (WLL)
Pakistan (PAK),Kor,KOR,intermittent stream (STMI)
Pakistan (PAK),Kot,KOT,fort (FT); locality (LCTY); mountain (MT); populated place (PPL); ruin(s) (RUIN); stream(s) (STM)
Afghanistan (AFG) & Pakistan (PAK),Kotal; Kōtal,KOTAL,pass (PASS)
Pakistan (PAK),Kour,KOUR,intermittent stream (STMI)
Afghanistan (AFG) & Pakistan (PAK),Kowh,KOWH,mountain (MT)
Iran (IRN) & Pakistan (PAK),Kowr,KOWR,stream(s) (STM)
Afghanistan (AFG) & Pakistan (PAK),Kowtal,KOWTAL,pass (PASS)
Pakistan (PAK),Kuba,KUBA,tomb(s) (TMB)
Pakistan (PAK),Kuch,KUCH,mountain (MT)
Afghanistan (AFG) & Iran (IRN) & Pakistan (PAK),Kuh; Kūh,KUH,hill (HLL); hills (HLLS); mountain (MT); mountains (MTS); peak(s) (PK); ridge(s) (RDGE); triangulation station (TRIG)
Pakistan (PAK),Kul,KUL,intermittent pond(s) (PNDI)
Pakistan (PAK),Kumb,KUMB,spring(s) (SPNG); water well(s) (WLL)
Pakistan (PAK),Kumbh,KUMBH,spring(s) (SPNG); water well(s) (WLL)
Pakistan (PAK),Kund,KUND,intermittent stream (STMI)
Pakistan (PAK),Kundi,KUNDI,stream(s) (STM)
Pakistan (PAK),Kur,KUR,mountain (MT); ridge(s) (RDGE)
Pakistan (PAK),La,LA,pass (PASS); saddle (SDL)
Pakistan (PAK),Lah,LAH,intermittent stream (STMI)
Pakistan (PAK),Lahar; Lāhar,LAHAR,intermittent stream (STMI); section of intermittent stream (STMIX); stream(s) (STM)
Pakistan (PAK),Lahr; Lāhr,LAHR,intermittent stream (STMI); stream(s) (STM)
Pakistan (PAK),Lahri; Lāhri,LAHRI,intermittent stream (STMI); stream(s) (STM)
Pakistan (PAK),Lak,LAK,mountain (MT); pass (PASS)
Pakistan (PAK),Laki,LAKI,pass (PASS); spring(s) (SPNG)
Afghanistan (AFG) & Pakistan (PAK),Lar; Lār,LAR,intermittent stream (STMI); stream(s) (STM); trail (TRL)
Pakistan (PAK),Lehr,LEHR,intermittent stream (STMI); stream(s) (STM)
Afghanistan (AFG) & Pakistan (PAK),Lgaḏ,LGAD,intermittent stream (STMI); stream(s) (STM)
Pakistan (PAK),Lohri,LOHRI,intermittent stream (STMI)
Pakistan (PAK),Lop,LOP,dune(s) (DUNE); hills (HLLS); intermittent stream (STMI)
Afghanistan (AFG) & Pakistan (PAK),Lora,LORA,intermittent stream (STMI); section of stream (STMX); stream(s) (STM)
Pakistan (PAK),Lungma,LUNGMA,area (AREA); intermittent stream (STMI); stream(s) (STM)
Pakistan (PAK),Lungme,LUNGME,stream(s) (STM)
Pakistan (PAK),Madrasa,MADRASA,religious center (CTRR); school (SCH)
Pakistan (PAK),Madrasat-ul-Islam,MADRASATULISLAM,school (SCH)
Pakistan (PAK),Maghzai,MAGHZAI,pass (PASS)
Pakistan (PAK),Maidan,MAIDAN,plain(s) (PLN)
Pakistan (PAK),Malawa,MALAWA,intermittent stream (STMI); stream(s) (STM)
Pakistan (PAK),Mand,MAND,intermittent stream (STMI)
Afghanistan (AFG) & Pakistan (PAK),Manda; Mānda,MANDA,intermittent stream (STMI); section of stream (STMX); stream(s) (STM); valley(s) (VAL)
Afghanistan (AFG) & Pakistan (PAK),Mandah; Māndah,MANDAH,intermittent stream (STMI); section of stream (STMX); stream(s) (STM); valley(s) (VAL)
Afghanistan (AFG) & Pakistan (PAK),Mandeh; Māndeh; Māndêh; Mānḏēh,MANDEH,intermittent stream (STMI); ridge(s) (RDGE); section of stream (STMX); stream(s) (STM); valley(s) (VAL)
Pakistan (PAK),Maqam,MAQAM,cemetery (CMTY)
Pakistan (PAK),Maqbara,MAQBARA,tomb(s) (TMB)
Pakistan (PAK),Market,MARKET,market (MKT)
Pakistan (PAK),Masjid,MASJID,mosque (MSQE)
Pakistan (PAK),Mathar,MATHAR,hill (HLL)
Pakistan (PAK),Mathari,MATHARI,dune(s) (DUNE)
Pakistan (PAK),Mazar; Mazār,MAZAR,grave (GRVE); shrine (SHRN); tomb(s) (TMB)
Pakistan (PAK),Mental Hospital,MENTALHOSPITAL,hospital (HSP)
Pakistan (PAK),Mesh,MESH,hill (HLL); hills (HLLS); mountain (MT); mountains (MTS); ridge(s) (RDGE)
Pakistan (PAK),Mill,MILL,mill(s) (ML)
Pakistan (PAK),Minar; Mīnār,MINAR,tower (TOWR)
Pakistan (PAK),Minor,MINOR,canal (CNL)
Pakistan (PAK),Mor,MOR,road junction (RDJCT)
Pakistan (PAK),Mosque,MOSQUE,mosque (MSQE)
Pakistan (PAK),Museum,MUSEUM,museum (MUS)
Pakistan (PAK),Muztagh; Muztāgh,MUZTAGH,mountains (MTS)
Pakistan (PAK),Nad,NAD,canalized stream (STMC); intermittent stream (STMI)
India (IND) & Pakistan (PAK),Nadi; Nādi,NADI,intermittent stream (STMI); section of intermittent stream (STMIX); stream(s) (STM)
Pakistan (PAK),Nahara; Nahāra,NAHARA,intermittent stream (STMI)
Pakistan (PAK),Nahr,NAHR,canal (CNL); stream(s) (STM)
Pakistan (PAK),Nai; Nāi,NAI,intermittent stream (STMI); stream(s) (STM); tidal creek(s) (CRKT)
Pakistan (PAK),Nal,NAL,intermittent stream (STMI)
Afghanistan (AFG) & India (IND) & Pakistan (PAK),Nala; Nalā; Nāla,NALA,abandoned canal (CNLQ); abandoned watercourse (STMQ); anabranch (STMA); area (AREA); canal (CNL); canalized stream (STMC); distributary(-ies) (STMD); dry stream bed (SBED); intermittent oxbow lake (LKOI); intermittent stream (STMI); populated place (PPL); ravine(s) (RVN); section of intermittent stream (STMIX); section of stream (STMX); stream bend (STMB); stream(s) (STM)
Afghanistan (AFG) & Pakistan (PAK),Nali,NALI,canalized stream (STMC); intermittent stream (STMI)
Pakistan (PAK),Nalli,NALLI,intermittent stream (STMI)
India (IND) & Pakistan (PAK),Nar; Nār,NAR,intermittent stream (STMI); populated place (PPL); section of stream (STMX); stream(s) (STM)
Pakistan (PAK),Nara,NARA,pass (PASS)
Afghanistan (AFG) & Pakistan (PAK),Narai; Nārai,NARAI,intermittent stream (STMI); pass (PASS); spring(s) (SPNG)
Afghanistan (AFG) & Pakistan (PAK),Naray,NARAY,mountains (MTS); pass (PASS)
Pakistan (PAK),Narei,NAREI,pass (PASS)
Pakistan (PAK),Nari,NARI,intermittent stream (STMI); pass (PASS)
Afghanistan (AFG) & Pakistan (PAK),Nawar; Nāwar,NAWAR,depression(s) (DPR); dune(s) (DUNE); intermittent lake(s) (LKI); intermittent pond(s) (PNDI); intermittent reservoir (RSVI); intermittent stream (STMI); lake bed(s) (LBED); locality (LCTY); water tank (RSVT)
Afghanistan (AFG) & Pakistan (PAK),Nāwêr,NAWER,lake bed(s) (LBED)
Pakistan (PAK),Nehr,NEHR,stream(s) (STM)
Pakistan (PAK),Oba,OBA,intermittent stream (STMI); spring(s) (SPNG); stream(s) (STM); water well(s) (WLL)
Pakistan (PAK),Obai,OBAI,intermittent stream (STMI)
Pakistan (PAK),Ōbêh,OBEH,intermittent stream (STMI)
Pakistan (PAK),Obo,OBO,intermittent stream (STMI); locality (LCTY); spring(s) (SPNG); water well(s) (WLL)
Pakistan (PAK),Office,OFFICE,office building (BLDO)
Pakistan (PAK),Otak,OTAK,intermittent pond(s) (PNDI)
Pakistan (PAK),Pahar; Pahār,PAHAR,hill (HLL); hills (HLLS); mountain (MT); mountains (MTS); peak(s) (PK); ridge(s) (RDGE)
Pakistan (PAK),Pal,PAL,intermittent stream (STMI)
Pakistan (PAK),Pania,PANIA,stream(s) (STM)
Pakistan (PAK),Para; Pāra,PARA,intermittent stream (STMI)
Pakistan (PAK),Parai,PARAI,valley(s) (VAL)
Pakistan (PAK),Parbat,PARBAT,mountain (MT); mountains (MTS); peak(s) (PK)
Pakistan (PAK),Park,PARK,park (PRK)
Pakistan (PAK),Pasta,PASTA,intermittent stream (STMI); stream(s) (STM)
Pakistan (PAK),Pat,PAT,area (AREA); depression(s) (DPR); dune(s) (DUNE); hill (HLL); lake bed(s) (LBED); pond(s) (PND); salt area (SALT); swamp (SWMP)
Pakistan (PAK),Patan,PATAN,ferry (FY)
Pakistan (PAK),Pati,PATI,depression(s) (DPR); dune(s) (DUNE)
Pakistan (PAK),Pattan,PATTAN,ford (FORD)
Pakistan (PAK),Patti,PATTI,depression(s) (DPR)
Afghanistan (AFG) & Pakistan (PAK),Pereval,PEREVAL,pass (PASS)
Pakistan (PAK),Phatak,PHATAK,railroad signal (RSGNL)
Pakistan (PAK),Pir; Pīr,PIR,pass (PASS); shrine (SHRN)
Pakistan (PAK),Pitao,PITAO,hill (HLL); ridge(s) (RDGE)
Pakistan (PAK),Plaza,PLAZA,shopping center or mall (SHOPC)
Pakistan (PAK),Police Station,POLICESTATION,police post (PP)
Pakistan (PAK),Post,POST,police post (PP)
Pakistan (PAK),Poultry Farm,POULTRYFARM,farm(s) (FRM)
Pakistan (PAK),Protecetd Forest,PROTECETDFOREST,forest reserve (RESF)
Pakistan (PAK),Protected Forest,PROTECTEDFOREST,forest reserve (RESF); forest(s) (FRST)
Pakistan (PAK),Pul,PUL,bridge (BDG)
Pakistan (PAK),Punga,PUNGA,locality (LCTY)
Pakistan (PAK),Qabar,QABAR,cemetery (CMTY); grave (GRVE)
Pakistan (PAK),Qabarustan,QABARUSTAN,cemetery (CMTY)
Pakistan (PAK),Qaberistan,QABERISTAN,cemetery (CMTY)
Pakistan (PAK),Qabr,QABR,cemetery (CMTY); grave (GRVE)
Pakistan (PAK),Qabrastan,QABRASTAN,cemetery (CMTY)
Pakistan (PAK),Qabristan,QABRISTAN,cemetery (CMTY)
Pakistan (PAK),Qala,QALA,fort (FT)
Pakistan (PAK),Qamar,QAMAR,mountains (MTS)
Pakistan (PAK),Qila,QILA,fort (FT); populated place (PPL); ruin(s) (RUIN)
Pakistan (PAK),Quba,QUBA,shrine (SHRN)
Pakistan (PAK),Qubba,QUBBA,cemetery (CMTY); grave (GRVE); mosque (MSQE); shrine (SHRN); tomb(s) (TMB)
Pakistan (PAK),Qubbo,QUBBO,grave (GRVE); shrine (SHRN)
Pakistan (PAK),Quoba,QUOBA,tomb(s) (TMB)
Pakistan (PAK),Raghzai; Rāghzai,RAGHZAI,locality (LCTY); plain(s) (PLN)
Pakistan (PAK),Raik,RAIK,dune(s) (DUNE)
Pakistan (PAK),Railway Station,RAILWAYSTATION,railroad station (RSTN)
India (IND) & Pakistan (PAK),Rakh,RAKH,canal (CNL); forest reserve (RESF); forest(s) (FRST); locality (LCTY); populated place (PPL); scrubland (SCRB)
India (IND) & Pakistan (PAK),Rann,RANN,marsh(es) (MRSH); salt area (SALT)
Pakistan (PAK),Ras; Rās,RAS,cape (CAPE); headland (HDLD); point(s) (PT)
Pakistan (PAK),Rau,RAU,hill (HLL); mountain (MT); mountains (MTS)
Afghanistan (AFG) & Pakistan (PAK),Reg,REG,dune(s) (DUNE)
Pakistan (PAK),Reserved Forest,RESERVEDFOREST,forest reserve (RESF)
Pakistan (PAK),Rivaz West Bank,RIVAZWESTBANK,railroad station (RSTN)
Afghanistan (AFG) & Pakistan (PAK),River,RIVER,intermittent stream (STMI); stream(s) (STM)
Pakistan (PAK),Road,ROAD,road (RD)
Afghanistan (AFG) & Pakistan (PAK),Rod; Rōd; Ṟōḏ,ROD,intermittent stream (STMI); mountain (MT); stream(s) (STM)
Pakistan (PAK),Roh,ROH,mountain (MT); mountains (MTS); peak(s) (PK); ridge(s) (RDGE)
Afghanistan (AFG) & Pakistan (PAK),Rowd,ROWD,intermittent stream (STMI)
Afghanistan (AFG) & Iran (IRN) & Pakistan (PAK),Rud; Rūd,RUD,canalized stream (STMC); intermittent stream (STMI); stream(s) (STM)
Afghanistan (AFG) & Iran (IRN) & Pakistan (PAK),Rūdkhāneh,RUDKHANEH,intermittent stream (STMI); stream(s) (STM)
Pakistan (PAK),Sam,SAM,mountain (MT)
Pakistan (PAK),San,SAN,salt area (SALT); salt marsh (MRSHN)
Pakistan (PAK),Sang,SANG,ridge(s) (RDGE)
Afghanistan (AFG) & Iran (IRN) & Pakistan (PAK),Sar; Sār,SAR,dune(s) (DUNE); hill (HLL); hills (HLLS); intermittent stream (STMI); lake (LK); locality (LCTY); mountain (MT); mountains (MTS); peak(s) (PK); populated place (PPL); ridge(s) (RDGE); spur(s) (SPUR); triangulation station (TRIG)
Pakistan (PAK),Saruna; Sarūna,SARUNA,mountain (MT); ridge(s) (RDGE)
Pakistan (PAK),Sawami,SAWAMI,temple(s) (TMPL)
Pakistan (PAK),School,SCHOOL,school (SCH)
Pakistan (PAK),Selseleh-ye,SELSELEHYE,mountains (MTS)
Pakistan (PAK),Selseleh-ye Kūh-e,SELSELEHYEKUHE,mountains (MTS)
Pakistan (PAK),Sem,SEM,stream(s) (STM)
Pakistan (PAK),Sem Nala,SEMNALA,canal (CNL)
Pakistan (PAK),Shahkh,SHAHKH,canal (CNL)
Pakistan (PAK),Shahra,SHAHRA,road (RD)
Pakistan (PAK),Shahrah; Shāhrāh,SHAHRAH,road (RD)
Pakistan (PAK),Shaikh,SHAIKH,intermittent stream (STMI)
Pakistan (PAK),Shak,SHAK,canalized stream (STMC)
Pakistan (PAK),Shakh; Shākh,SHAKH,canal (CNL); canalized stream (STMC); intermittent stream (STMI); stream(s) (STM)
Pakistan (PAK),Shankou,SHANKOU,pass (PASS)
China (CHN) & Pakistan (PAK),Shanqun,SHANQUN,mountain (MT)
Pakistan (PAK),Shar,SHAR,road (RD)
Pakistan (PAK),Sharah,SHARAH,road (RD)
Pakistan (PAK),Share; Shāre,SHARE,road (RD)
Pakistan (PAK),Sharrah,SHARRAH,road (RD)
Afghanistan (AFG) & Pakistan (PAK),Shaylah,SHAYLAH,intermittent stream (STMI)
Afghanistan (AFG) & Pakistan (PAK),Shela,SHELA,intermittent stream (STMI); ravine(s) (RVN); section of stream (STMX); spring(s) (SPNG); stream(s) (STM)
Pakistan (PAK),Shep,SHEP,intermittent stream (STMI)
Pakistan (PAK),Sher,SHER,cemetery (CMTY)
Pakistan (PAK),Shikārgāh,SHIKARGAH,hunting reserve (RESH)
Pakistan (PAK),Shila,SHILA,intermittent stream (STMI); stream(s) (STM)
Pakistan (PAK),Shopping Centre,SHOPPINGCENTRE,shopping center or mall (SHOPC)
Pakistan (PAK),Shung,SHUNG,stream(s) (STM)
Pakistan (PAK),Sim,SIM,intermittent lake(s) (LKI); intermittent pond(s) (PNDI); intermittent salt lake(s) (LKNI); lake (LK); salt lake(s) (LKN)
Pakistan (PAK),Sin,SIN,intermittent stream (STMI); section of stream (STMX); stream(s) (STM)
Afghanistan (AFG) & Pakistan (PAK),Sind; Sīnd,SIND,canal (CNL); intermittent stream (STMI); stream(s) (STM)
Pakistan (PAK),Smast,SMAST,cave(s) (CAVE)
Pakistan (PAK),Smats,SMATS,cave(s) (CAVE)
Pakistan (PAK),Soh,SOH,intermittent lake(s) (LKI)
Pakistan (PAK),Sor,SOR,hill (HLL); mountain (MT); ridge(s) (RDGE); spur(s) (SPUR)
Pakistan (PAK),Square,SQUARE,square (SQR)
Afghanistan (AFG) & Pakistan (PAK),Sṟah,SRAH,ridge(s) (RDGE)
Pakistan (PAK),Station,STATION,railroad station (RSTN)
Pakistan (PAK),Tak,TAK,pass (PASS); stream(s) (STM)
Pakistan (PAK),Takai,TAKAI,intermittent stream (STMI)
Pakistan (PAK),Takar,TAKAR,hill (HLL)
Pakistan (PAK),Takkar,TAKKAR,hill (HLL); hills (HLLS)
Pakistan (PAK),Takri,TAKRI,hill (HLL); hills (HLLS); mountain (MT)
Pakistan (PAK),Tal; Tāl,TAL,area (AREA); depression(s) (DPR); dune(s) (DUNE); intermittent lake(s) (LKI); lake (LK); lake bed(s) (LBED); swamp (SWMP)
Pakistan (PAK),Tala,TALA,intermittent pond(s) (PNDI); stream(s) (STM)
Pakistan (PAK),Talab; Tālāb,TALAB,intermittent pond(s) (PNDI); intermittent reservoir (RSVI); water tank (RSVT)
Pakistan (PAK),Talai; Talāi,TALAI,intermittent lake(s) (LKI); intermittent pond(s) (PNDI); intermittent reservoir (RSVI); pond(s) (PND); water tank (RSVT); water well(s) (WLL)
Pakistan (PAK),Talao; Talāo,TALAO,intermittent pond(s) (PNDI); pond(s) (PND); populated place (PPL); water tank (RSVT)
Pakistan (PAK),Tali,TALI,pass (PASS)
Pakistan (PAK),Tall,TALL,intermittent pond(s) (PNDI); swamp (SWMP)
Pakistan (PAK),Tang,TANG,intermittent stream (STMI); stream(s) (STM)
Pakistan (PAK),Tanga,TANGA,stream(s) (STM)
Afghanistan (AFG) & Pakistan (PAK),Tangai,TANGAI,gorge(s) (GRGE); intermittent stream (STMI); mountain (MT); pass (PASS); ravine(s) (RVN); stream(s) (STM)
Pakistan (PAK),Tange,TANGE,intermittent stream (STMI)
Afghanistan (AFG) & Pakistan (PAK),Tangi,TANGI,area (AREA); gorge(s) (GRGE); intermittent stream (STMI); locality (LCTY); mountain (MT); pass (PASS); populated place (PPL); ravine(s) (RVN); ridge(s) (RDGE); spring(s) (SPNG); stream(s) (STM); valley(s) (VAL)
Pakistan (PAK),Tank,TANK,water tank (RSVT)
Pakistan (PAK),Tar,TAR,abandoned well (WLLQ); intermittent lake(s) (LKI); intermittent pond(s) (PNDI); intermittent stream (STMI); pond(s) (PND); populated place (PPL); spring(s) (SPNG); water well(s) (WLL)
India (IND) & Pakistan (PAK),Tarai; Tarāi,TARAI,depression(s) (DPR); intermittent lake(s) (LKI); intermittent pond(s) (PNDI); intermittent reservoir (RSVI); lake (LK); locality (LCTY); marsh(es) (MRSH); mountain (MT); pond(s) (PND); swamp (SWMP); water tank (RSVT); water well(s) (WLL)
Pakistan (PAK),Tarari,TARARI,dune(s) (DUNE)
Pakistan (PAK),Tash,TASH,water well(s) (WLL)
Pakistan (PAK),Tek,TEK,mountain (MT); peak(s) (PK); ridge(s) (RDGE); spur(s) (SPUR); triangulation station (TRIG)
Pakistan (PAK),Thal,THAL,dune(s) (DUNE); hill (HLL); intermittent stream (STMI); mountain (MT)
Pakistan (PAK),Thali,THALI,mound(s) (MND)
Pakistan (PAK),Thalli,THALLI,mountain (MT)
Pakistan (PAK),Thar,THAR,water well(s) (WLL)
Pakistan (PAK),Theg,THEG,mountain (MT); ridge(s) (RDGE)
Pakistan (PAK),Tiba,TIBA,dune(s) (DUNE)
Pakistan (PAK),Tibah,TIBAH,dune(s) (DUNE)
India (IND) & Pakistan (PAK),Tibba,TIBBA,dune(s) (DUNE); grave (GRVE); hill (HLL); hills (HLLS); ridge(s) (RDGE)
Pakistan (PAK),Tibbi,TIBBI,dune(s) (DUNE); hill (HLL)
Pakistan (PAK),Tirkha,TIRKHA,intermittent stream (STMI)
Pakistan (PAK),Toba,TOBA,abandoned well (WLLQ); estate(s) (EST); hill (HLL); intermittent lake(s) (LKI); intermittent pond(s) (PNDI); intermittent reservoir (RSVI); lake (LK); locality (LCTY); pond(s) (PND); populated place (PPL); reservoir(s) (RSV); spring(s) (SPNG); stream(s) (STM); water tank (RSVT); water well(s) (WLL)
Pakistan (PAK),Tobba,TOBBA,intermittent reservoir (RSVI)
Pakistan (PAK),Tobi,TOBI,intermittent lake(s) (LKI); intermittent pond(s) (PNDI); intermittent reservoir (RSVI); pond(s) (PND); water tank (RSVT); water well(s) (WLL)
Pakistan (PAK),Tobo,TOBO,intermittent pond(s) (PNDI); water well(s) (WLL)
Afghanistan (AFG) & Pakistan (PAK),Toi,TOI,anabranch (STMA); intermittent stream (STMI); stream(s) (STM)
Pakistan (PAK),Tomb,TOMB,tomb(s) (TMB)
Pakistan (PAK),Tor,TOR,dune(s) (DUNE); hill (HLL); mountain (MT); mountains (MTS); ridge(s) (RDGE); spur(s) (SPUR); triangulation station (TRIG); water well(s) (WLL)
Pakistan (PAK),Tori,TORI,hill (HLL)
Afghanistan (AFG) & Pakistan (PAK),Tōy,TOY,intermittent stream (STMI)
Pakistan (PAK),Tsah; Tsāh,TSAH,hill (HLL); locality (LCTY); populated place (PPL); spring(s) (SPNG); water well(s) (WLL)
Pakistan (PAK),Tsahai; Tsāhai,TSAHAI,spring(s) (SPNG); water well(s) (WLL)
Pakistan (PAK),Tsahan; Tsahān; Tsāhān,TSAHAN,spring(s) (SPNG); water well(s) (WLL)
Pakistan (PAK),Tsahgai,TSAHGAI,water well(s) (WLL)
Pakistan (PAK),Tsakai,TSAKAI,hill (HLL)
Pakistan (PAK),Tserai,TSERAI,mountain (MT); pass (PASS)
Pakistan (PAK),Tsuka,TSUKA,mountain (MT); peak(s) (PK); triangulation station (TRIG)
Afghanistan (AFG) & Pakistan (PAK),Tsūkah,TSUKAH,mountain (MT); peak(s) (PK)
Pakistan (PAK),Tsukai; Tsūkai,TSUKAI,mountain (MT); peak(s) (PK)
Pakistan (PAK),Tuk,TUK,intermittent stream (STMI)
Pakistan (PAK),Tur,TUR,mountain (MT); water well(s) (WLL)
Pakistan (PAK),Unclassed Forest,UNCLASSEDFOREST,forest(s) (FRST)
Pakistan (PAK),Urochishche,UROCHISHCHE,area (AREA); locality (LCTY)
Pakistan (PAK),Us,US,spring(s) (SPNG)
Afghanistan (AFG) & Pakistan (PAK),Ūwīn,UWIN,pass (PASS)
Pakistan (PAK),Vale,VALE,valley(s) (VAL)
Pakistan (PAK),Viala; Viāla,VIALA,canal (CNL); canalized stream (STMC); intermittent stream (STMI); populated place (PPL); spring(s) (SPNG); stream(s) (STM); underground irrigation canal(s) (CNLSB)
Afghanistan (AFG) & Iran (IRN) & Pakistan (PAK),Wad,WAD,area (AREA); hill (HLL); intermittent stream (STMI); mountain (MT); pass (PASS); saddle (SDL); section of intermittent stream (STMIX)
Pakistan (PAK),Wadh,WADH,intermittent stream (STMI)
Pakistan (PAK),Wagai; Wāgai,WAGAI,intermittent stream (STMI)
Pakistan (PAK),Wagia,WAGIA,intermittent stream (STMI)
Pakistan (PAK),Wah; Wāh,WAH,abandoned canal (CNLQ); abandoned watercourse (STMQ); anabranch (STMA); area (AREA); canal (CNL); canalized stream (STMC); distributary(-ies) (STMD); intermittent stream (STMI); oxbow lake (LKO); section of canal (CNLX); section of intermittent stream (STMIX); section of stream (STMX); stream(s) (STM); tidal creek(s) (CRKT)
Pakistan (PAK),Waha,WAHA,intermittent stream (STMI)
Pakistan (PAK),Wahan; Wahān; Wāhan,WAHAN,abandoned watercourse (STMQ); intermittent stream (STMI); populated place (PPL); stream(s) (STM)
Pakistan (PAK),Wahi; Wāhi,WAHI,canal (CNL); intermittent stream (STMI); stream(s) (STM)
Pakistan (PAK),Wala; Wāla,WALA,canal (CNL); intermittent stream (STMI)
Pakistan (PAK),Warsak,WARSAK,escarpment (SCRP); hill (HLL); mountain (MT); ridge(s) (RDGE)
Afghanistan (AFG) & Pakistan (PAK),Wut,WUT,area (AREA)
China (CHN) & India (IND) & Pakistan (PAK),Zangbo,ZANGBO,stream(s) (STM)
Pakistan (PAK),Zard,ZARD,hill (HLL); mountain (MT); mountains (MTS); ridge(s) (RDGE)
Afghanistan (AFG) & Pakistan (PAK),Zawar; Zāwar,ZAWAR,intermittent stream (STMI); ravine(s) (RVN); stream(s) (STM)
Pakistan (PAK),Zaware,ZAWARE,intermittent stream (STMI)
Pakistan (PAK),Zhang,ZHANG,mountain (MT)
Pakistan (PAK),Zhawar; Zhawār; Zhāwar,ZHAWAR,intermittent stream (STMI); stream(s) (STM)
Pakistan (PAK),Zhawara,ZHAWARA,intermittent stream (STMI)
Pakistan (PAK),Ziar,ZIAR,tomb(s) (TMB)
Pakistan (PAK),ZIarat; Ziarat; Ziārat; Ziārāt; Zīarat; Zīārat,ZIARAT,burial cave(s) (BUR); cemetery (CMTY); grave (GRVE); locality (LCTY); mosque (MSQE); populated place (PPL); religious center (CTRR); shrine (SHRN); temple(s) (TMPL); tomb(s) (TMB); water well(s) (WLL)
Afghanistan (AFG) & Pakistan (PAK),Zom,ZOM,hill (HLL); mountain (MT); mountains (MTS); peak(s) (PK); ridge(s) (RDGE); slope(s) (SLP); spur(s) (SPUR); triangulation station (TRIG)
Pakistan (PAK),Zum,ZUM,mountain (MT)
Afghanistan (AFG) & Pakistan (PAK),Гора,ГОРА,hill (HLL); mountain (MT)
Afghanistan (AFG) & Pakistan (PAK),Горы,ГОРЫ,mountain (MT); mountains (MTS); ridge(s) (RDGE)
Pakistan (PAK),Гробница,ГРОБНИЦА,grave (GRVE)
Pakistan (PAK),Источник,ИСТОЧНИК,spring(s) (SPNG)
Pakistan (PAK),Колодец,КОЛОДЕЦ,water well(s) (WLL)
Pakistan (PAK),Могила,МОГИЛА,grave (GRVE); locality (LCTY); populated place (PPL); tomb(s) (TMB)
Pakistan (PAK),Урочище,УРОЧИЩЕ,area (AREA)
Afghanistan (AFG) & Pakistan (PAK),Хребет,ХРЕБЕТ,mountains (MTS)
Afghanistan (AFG) & Pakistan (PAK),بند,بند,mountain (MT); mountains (MTS); spur(s) (SPUR)
Afghanistan (AFG) & Pakistan (PAK),توی,توی,intermittent stream (STMI)
Afghanistan (AFG) & Pakistan (PAK),خوړ,خوړ,intermittent stream (STMI)
Pakistan (PAK),درہ; دَرَہ,درہ,valley(s) (VAL)
Afghanistan (AFG) & Pakistan (PAK),دریا,دریا,stream(s) (STM)
Pakistan (PAK),دَرَہ,دَرَہ,glacier(s) (GLCR); pass (PASS); valley(s) (VAL)
Afghanistan (AFG) & Pakistan (PAK),دښته,دښته,plain(s) (PLN)
Afghanistan (AFG) & Iran (IRN) & Pakistan (PAK),رود; رودِ,رود,intermittent stream (STMI); mountain (MT); stream(s) (STM)
Afghanistan (AFG) & Iran (IRN) & Pakistan (PAK),رودخانه,رودخانه,intermittent stream (STMI); stream(s) (STM)
Afghanistan (AFG) & Pakistan (PAK),سر,سر,mountain (MT); peak(s) (PK); ridge(s) (RDGE)
Afghanistan (AFG) & Pakistan (PAK),سیند,سیند,stream(s) (STM)
Afghanistan (AFG) & Pakistan (PAK),شیله,شیله,intermittent stream (STMI)
Afghanistan (AFG) & Pakistan (PAK),غاښې,غاښې,pass (PASS)
Afghanistan (AFG) & Pakistan (PAK),غر,غر,hill (HLL); mountain (MT); mountains (MTS); ridge(s) (RDGE)
Afghanistan (AFG) & Pakistan (PAK),غرونه,غرونه,mountains (MTS)
Iran (IRN) & Pakistan (PAK),كوه,كوه,mountain (MT)
Afghanistan (AFG) & Pakistan (PAK),لار,لار,trail (TRL)
Afghanistan (AFG) & Pakistan (PAK),مانده,مانده,intermittent stream (STMI); ridge(s) (RDGE); section of stream (STMX); stream(s) (STM); valley(s) (VAL)
Afghanistan (AFG) & Pakistan (PAK),ناور,ناور,lake bed(s) (LBED)
Afghanistan (AFG) & Pakistan (PAK),وت,وت,area (AREA)
Afghanistan (AFG) & Pakistan (PAK),څوکه,څوکه,mountain (MT)
Pakistan (PAK),چینه,چینه,spring(s) (SPNG)
Afghanistan (AFG) & Pakistan (PAK),کارېز,کارېز,underground irrigation canal(s) (CNLSB)
Afghanistan (AFG) & Pakistan (PAK),کنډو,کنډو,mountain (MT); pass (PASS)
Afghanistan (AFG) & Pakistan (PAK),کوتل,کوتل,pass (PASS)
Afghanistan (AFG) & Iran (IRN) & Pakistan (PAK),کوه,کوه,hills (HLLS); mountain (MT)
China (CHN) & Pakistan (PAK),山群,山群,mountain (MT)
China (CHN) & India (IND) & Pakistan (PAK),河,河,stream(s) (STM)
China (CHN) & Pakistan (PAK),达坂,达坂,pass (PASS)
