﻿COUNTRY,GENERIC,SORT GENERIC,FEATURE DESIGNATION
Yemen (YEM),Abraq,ABRAQ,hills (HLLS)
Yemen (YEM),Abwāb,ABWAB,pass (PASS)
Yemen (YEM),Adhoh,ADHOH,pass (PASS)
Yemen (YEM),Ajfār,AJFAR,water well(s) (WLL)
Yemen (YEM),Al ‘Alam,ALALAM,hill (HLL)
Yemen (YEM),‘Alam,ALAM,mountain (MT)
Yemen (YEM),‘Aqabah,AQABAH,pass (PASS)
Yemen (YEM),‘Aqabat,AQABAT,hill (HLL); pass (PASS)
Yemen (YEM),‘Aqm,AQM,canal (CNL)
Yemen (YEM),Arāḑī,ARADI,area (AREA)
Saudi Arabia (SAU) & Yemen (YEM),Arḑ,ARD,area (AREA); hill (HLL); plain(s) (PLN)
Yemen (YEM),Arḑ Ḩayirah,ARDHAYIRAH,drainage basin (BSND)
Yemen (YEM),Āthār,ATHAR,ruin(s) (RUIN)
Yemen (YEM),‘Ayn,AYN,spring(s) (SPNG); water well(s) (WLL)
Yemen (YEM),Bāb,BAB,field(s) (FLD); gap (GAP); gate (GATE); pass (PASS)
Yemen (YEM),Baḩr,BAHR,bay(s) (BAY)
Yemen (YEM),Bandar,BANDAR,bay(s) (BAY); bight(s) (BGHT)
Yemen (YEM),Bank,BANK,financial institution (FIN)
Yemen (YEM),Barq,BARQ,hill (HLL); mountain (MT); slope(s) (SLP)
Yemen (YEM),Barqā; Barqā’,BARQA,hill (HLL); hills (HLLS); mountain (MT)
Yemen (YEM),Batnat,BATNAT,plain(s) (PLN)
Yemen (YEM),Batrā’,BATRA,interdune trough(s) (TRGD)
Yemen (YEM),Bawwābah,BAWWABAH,gate (GATE)
Yemen (YEM),Bay,BAY,bay(s) (BAY)
Bahrain (BHR) & Kuwait (KWT) & Oman (OMN) & Qatar (QAT) & Saudi Arabia (SAU) & United Arab Emirates (ARE) & Yemen (YEM),Bilād,BILAD,area (AREA); locality (LCTY); region (RGN); tribal area (TRB)
Yemen (YEM),Bindar,BINDAR,bay(s) (BAY)
Yemen (YEM),Bir; Bi’r; Bīr; B’ir,BIR,abandoned well (WLLQ); water well(s) (WLL)
Yemen (YEM),Bi’r Artīwāzīyah,BIRARTIWAZIYAH,water well(s) (WLL)
Yemen (YEM),Bi’r Artuwāzī,BIRARTUWAZI,water well(s) (WLL)
Yemen (YEM),Bi’r Artuwāzīyah,BIRARTUWAZIYAH,water well(s) (WLL)
Yemen (YEM),Birḩ,BIRH,pass (PASS)
Yemen (YEM),Birkah,BIRKAH,slope(s) (SLP)
Yemen (YEM),Burq,BURQ,mountain (MT)
Yemen (YEM),Cape,CAPE,cape (CAPE)
Yemen (YEM),Daḩāl,DAHAL,depression(s) (DPR)
Yemen (YEM),Dhulq,DHULQ,spur(s) (SPUR)
Yemen (YEM),Ḑulq,DULQ,spur(s) (SPUR)
Yemen (YEM),Duqm,DUQM,hill (HLL); mountain (MT); peak(s) (PK)
Yemen (YEM),Farīd,FARID,hill (HLL); mountain (MT); rock (RK); spur(s) (SPUR)
Yemen (YEM),Farīdah,FARIDAH,hill (HLL)
Yemen (YEM),Farshat,FARSHAT,wadi(s) (WAD)
Yemen (YEM),Faşmah,FASMAH,headland (HDLD)
Yemen (YEM),Firdān,FIRDAN,hill (HLL); rock (RK); spur(s) (SPUR)
Yemen (YEM),Funduq,FUNDUQ,hotel (HTL)
Yemen (YEM),Ghāb,GHAB,forest(s) (FRST)
Yemen (YEM),Ghadīr,GHADIR,mud flat(s) (FLTM); water well(s) (WLL)
Yemen (YEM),Ghār,GHAR,cave(s) (CAVE)
Yemen (YEM),Gharr,GHARR,wadi(s) (WAD)
Yemen (YEM),Ghāwiyah,GHAWIYAH,wadi(s) (WAD)
Yemen (YEM),Ghayl,GHAYL,section of wadi (WADX); spring(s) (SPNG); wadi(s) (WAD); water well(s) (WLL)
Yemen (YEM),Ghubb,GHUBB,bay(s) (BAY)
Yemen (YEM),Ghubbah,GHUBBAH,bay(s) (BAY); bight(s) (BGHT)
Yemen (YEM),Ghubbat,GHUBBAT,bay(s) (BAY); bight(s) (BGHT)
Yemen (YEM),Ḩabīl,HABIL,hill (HLL)
Saudi Arabia (SAU) & Yemen (YEM),Ḩabl,HABL,dune(s) (DUNE)
Yemen (YEM),Ḩadā’iq,HADAIQ,park (PRK)
Yemen (YEM),Haḑbah,HADBAH,mountain (MT)
Yemen (YEM),Ḩadīqah,HADIQAH,park (PRK); square (SQR)
Yemen (YEM),Ḩāffah,HAFFAH,section of populated place (PPLX)
Yemen (YEM),Hā’irah; Ḩā’irah,HAIRAH,drainage basin (BSND); wadi(s) (WAD)
Yemen (YEM),Ḩajar,HAJAR,hill (HLL)
Yemen (YEM),Hajlah,HAJLAH,sand area (SAND)
Yemen (YEM),Hallat,HALLAT,plain(s) (PLN)
Yemen (YEM),Ḩammām,HAMMAM,hot spring(s) (SPNT)
Yemen (YEM),Ḩammat,HAMMAT,mountain (MT)
Yemen (YEM),Ḩārah,HARAH,section of populated place (PPLX)
Yemen (YEM),Harbour,HARBOUR,harbor(s) (HBR)
Yemen (YEM),Ḩasi,HASI,water well(s) (WLL)
Yemen (YEM),Ḩasy; Ḩaşy,HASY,water well(s) (WLL)
Yemen (YEM),Hayd; Ḩayd; Ḩayḑ,HAYD,escarpment (SCRP); hill (HLL); hills (HLLS); mountain (MT); ridge(s) (RDGE)
Yemen (YEM),Ḩāyirah,HAYIRAH,wadi(s) (WAD)
Yemen (YEM),Ḩayy,HAYY,section of populated place (PPLX)
Yemen (YEM),Ḩazm,HAZM,hill (HLL); ridge(s) (RDGE)
Yemen (YEM),Ḩibāl,HIBAL,dune(s) (DUNE)
Yemen (YEM),Ḩiqnah,HIQNAH,interdune trough(s) (TRGD)
Yemen (YEM),Ḩīrah,HIRAH,sabkha(s) (SBKH)
Yemen (YEM),Ḩisá; Ḩisā’; Ḩişā’,HISA,water well(s) (WLL)
Saudi Arabia (SAU) & Yemen (YEM),Ḩishash,HISHASH,hill (HLL)
Yemen (YEM),Ḩisī,HISI,water well(s) (WLL)
Yemen (YEM),Ḩişn,HISN,castle (CSTL); mountain (MT); populated place (PPL)
Yemen (YEM),Ḩissī,HISSI,waterhole(s) (WTRH)
Yemen (YEM),Ḩiswat,HISWAT,water well(s) (WLL)
Yemen (YEM),Ḩor; Ḩōr,HOR,inlet (INLT)
Saudi Arabia (SAU) & Yemen (YEM),Ḩubayl,HUBAYL,dune(s) (DUNE)
Yemen (YEM),Ḩudayfah,HUDAYFAH,park (PRK)
Yemen (YEM),Ḩuqūl,HUQUL,salt evaporation ponds (MFGN)
Yemen (YEM),Huwāt,HUWAT,interdune trough(s) (TRGD)
Yemen (YEM),Iglīsoh,IGLISOH,mountain (MT)
Saudi Arabia (SAU) & Yemen (YEM),‘Irq,IRQ,dune(s) (DUNE); hill (HLL)
Yemen (YEM),Islands,ISLANDS,islands (ISLS)
Yemen (YEM),‘Iyādah,IYADAH,clinic (HSPC)
Oman (OMN) & Saudi Arabia (SAU) & Yemen (YEM),Jabal; Jabāl,JABAL,cliff(s) (CLF); hill (HLL); hills (HLLS); mountain (MT); mountains (MTS); pass (PASS); peak(s) (PK); plateau (PLAT); promontory(-ies) (PROM); ridge(s) (RDGE); rock (RK); slope(s) (SLP); spur(s) (SPUR); volcano (VLC)
Yemen (YEM),Jallat,JALLAT,section of wadi (WADX)
Yemen (YEM),Jāmi‘,JAMI,mosque (MSQE)
Yemen (YEM),Jāmi‘ah,JAMIAH,college (SCHC)
Yemen (YEM),Jāmi‘at,JAMIAT,college (SCHC)
Yemen (YEM),Jam‘īyah,JAMIYAH,clinic (HSPC)
Yemen (YEM),Jarāf,JARAF,slope(s) (SLP)
Yemen (YEM),Jarā’ib,JARAIB,plain(s) (PLN)
Yemen (YEM),Jawl,JAWL,mountain (MT); plain(s) (PLN); plateau (PLAT); upland (UPLD)
Yemen (YEM),Jawlah,JAWLAH,traffic circle (RDCR)
Saudi Arabia (SAU) & Yemen (YEM),Jaww,JAWW,depression(s) (DPR); plain(s) (PLN); valley(s) (VAL)
Yemen (YEM),Jawwat,JAWWAT,depression(s) (DPR)
Yemen (YEM),Jazā’ir,JAZAIR,islands (ISLS)
Bahrain (BHR) & Kuwait (KWT) & Oman (OMN) & Qatar (QAT) & Saudi Arabia (SAU) & United Arab Emirates (ARE) & Yemen (YEM),Jazīrah,JAZIRAH,island (ISL); islands (ISLS); peninsula (PEN)
Yemen (YEM),Jazīrat,JAZIRAT,island (ISL); islands (ISLS); peninsula (PEN)
Oman (OMN) & Yemen (YEM),Jibal; Jibāl,JIBAL,hill (HLL); hills (HLLS); mountain (MT); mountains (MTS); ridge(s) (RDGE)
Yemen (YEM),Jisr,JISR,bridge (BDG)
Yemen (YEM),Jubayl,JUBAYL,hill (HLL)
Yemen (YEM),Jufrat,JUFRAT,wadi(s) (WAD)
Yemen (YEM),Jumhūrīyah,JUMHURIYAH,independent political entity (PCLI)
Yemen (YEM),Juzur,JUZUR,island (ISL); islands (ISLS)
Yemen (YEM),Karīf,KARIF,crater lake(s) (LKC); water well(s) (WLL); waterhole(s) (WTRH)
Yemen (YEM),Kawkab,KAWKAB,peak(s) (PK)
Yemen (YEM),Kawlat,KAWLAT,mountain (MT)
Yemen (YEM),Kawr,KAWR,escarpment (SCRP); mountain (MT); upland (UPLD)
Yemen (YEM),Khabt,KHABT,plain(s) (PLN)
Yemen (YEM),Khalīf,KHALIF,hills (HLLS); pass (PASS); valley(s) (VAL); wadi(s) (WAD)
Yemen (YEM),Khalīj,KHALIJ,bay(s) (BAY); bight(s) (BGHT)
Yemen (YEM),Khall,KHALL,dune(s) (DUNE)
Yemen (YEM),Khasfat,KHASFAT,water well(s) (WLL)
Yemen (YEM),Khashm,KHASHM,cliff(s) (CLF); hill (HLL); hills (HLLS); mountain (MT); peak(s) (PK); promontory(-ies) (PROM); ridge(s) (RDGE); spur(s) (SPUR)
Yemen (YEM),Khawr,KHAWR,bay(s) (BAY); inlet (INLT); lagoon(s) (LGN); lake (LK); wadi(s) (WAD); water well(s) (WLL)
Yemen (YEM),Khayţ,KHAYT,dune(s) (DUNE); ridge(s) (RDGE)
Yemen (YEM),Khirbah,KHIRBAH,ruin(s) (RUIN)
Yemen (YEM),Khirbat,KHIRBAT,ruin(s) (RUIN)
Yemen (YEM),Kitf,KITF,point(s) (PT)
Yemen (YEM),Kullīyah,KULLIYAH,college (SCHC)
Yemen (YEM),Lakmat,LAKMAT,gap (GAP)
Yemen (YEM),Luqmat,LUQMAT,gap (GAP)
Yemen (YEM),Madā’ir,MADAIR,dune(s) (DUNE)
Yemen (YEM),Maḑīq,MADIQ,marine channel (CHNM)
Yemen (YEM),Madrasah,MADRASAH,school (SCH)
Yemen (YEM),Ma‘had,MAHAD,college (SCHC)
Yemen (YEM),Ma‘had ‘Ilmī,MAHADILMI,college (SCHC)
Yemen (YEM),Maḩallāt,MAHALLAT,market (MKT)
Yemen (YEM),Maḩjar Şiḩḩī,MAHJARSIHHI,clinic (HSPC)
Yemen (YEM),Maḩkamah,MAHKAMAH,courthouse (CTHSE)
Yemen (YEM),Makhtam,MAKHTAM,dune(s) (DUNE); hill (HLL); ridge(s) (RDGE)
Yemen (YEM),Makhtūmah,MAKHTUMAH,dune(s) (DUNE)
Yemen (YEM),Mal‘ab,MALAB,athletic field (ATHF); stadium (STDM)
Yemen (YEM),Mamar,MAMAR,pass (PASS)
Yemen (YEM),Maqbarah,MAQBARAH,cemetery (CMTY)
Yemen (YEM),Maqbarat,MAQBARAT,cemetery (CMTY)
Yemen (YEM),Markaz,MARKAZ,clinic (HSPC)
Yemen (YEM),Markaz Ri‘āyah,MARKAZRIAYAH,clinic (HSPC)
Yemen (YEM),Markaz Şiḩḩah,MARKAZSIHHAH,clinic (HSPC)
Yemen (YEM),Markaz Şiḩḩī,MARKAZSIHHI,clinic (HSPC)
Yemen (YEM),Markaz Ţibbī,MARKAZTIBBI,clinic (HSPC)
Yemen (YEM),Markaz Umūmah,MARKAZUMUMAH,clinic (HSPC)
Yemen (YEM),Markaz Umūmah wa Ţufūlah,MARKAZUMUMAHWATUFULAH,clinic (HSPC)
Yemen (YEM),Markaz Umūmah wa Ţufūlah wa Wilādah Ţabī‘īyah,MARKAZUMUMAHWATUFULAHWAWILADAHTABIIYAH,clinic (HSPC)
Yemen (YEM),Marsá,MARSA,anchorage (ANCH); harbor(s) (HBR)
Yemen (YEM),Mashābik,MASHABIK,interdune trough(s) (TRGD)
Yemen (YEM),Masjid,MASJID,mosque (MSQE)
Yemen (YEM),Maţār,MATAR,airfield (AIRF); airport (AIRP)
Yemen (YEM),Matḩaf,MATHAF,museum (MUS)
Yemen (YEM),Maydān,MAYDAN,square (SQR)
Yemen (YEM),Mazār,MAZAR,tomb(s) (TMB)
Yemen (YEM),Mazra‘ah,MAZRAAH,farm(s) (FRM)
Yemen (YEM),Mikhlāf,MIKHLAF,area (AREA)
Yemen (YEM),Milḩ,MILH,salt mine(s) (MNN)
Yemen (YEM),Mīnā; Mīnā’,MINA,harbor(s) (HBR); port (PRT)
Yemen (YEM),Minţaqah,MINTAQAH,section of populated place (PPLX)
Yemen (YEM),Misāḩah,MISAHAH,area (AREA)
Yemen (YEM),Mudīrīyat,MUDIRIYAT,administrative division (ADMD)
Yemen (YEM),Muḩāfaz̧at,MUHAFAZAT,first-order administrative division (ADM1)
Yemen (YEM),Mujamma‘,MUJAMMA,clinic (HSPC)
Yemen (YEM),Mujamma‘ Şiḩḩī,MUJAMMASIHHI,clinic (HSPC)
Yemen (YEM),Mujamma‘ Ţibbī,MUJAMMATIBBI,clinic (HSPC)
Yemen (YEM),Muntazah,MUNTAZAH,park (PRK)
Yemen (YEM),Murtafa‘,MURTAFA,mountains (MTS)
Yemen (YEM),Mustashfá,MUSTASHFA,clinic (HSPC); hospital (HSP)
Yemen (YEM),Mustashfá lil Umūmah wa al Ţufūlah,MUSTASHFALILUMUMAHWAALTUFULAH,hospital (HSP)
Yemen (YEM),Mustashfá Namūdhajī,MUSTASHFANAMUDHAJI,hospital (HSP)
Yemen (YEM),Mustashfá Rīfī,MUSTASHFARIFI,hospital (HSP)
Yemen (YEM),Mustashfá Takhaşşuşī,MUSTASHFATAKHASSUSI,hospital (HSP)
Yemen (YEM),Mustawşaf,MUSTAWSAF,clinic (HSPC)
Yemen (YEM),Mustawşaf Ahlī,MUSTAWSAFAHLI,clinic (HSPC)
Yemen (YEM),Mustawşaf Ţibbī,MUSTAWSAFTIBBI,clinic (HSPC)
Yemen (YEM),Mustawşaf Ţibbī Takhaşşuşī,MUSTAWSAFTIBBITAKHASSUSI,clinic (HSPC)
Yemen (YEM),Naba‘,NABA,spring(s) (SPNG)
Yemen (YEM),Najd,NAJD,mountain (MT); pass (PASS); plateau (PLAT)
Yemen (YEM),Naqbat,NAQBAT,water tank (RSVT); water well(s) (WLL); waterhole(s) (WTRH)
Yemen (YEM),Naqīl,NAQIL,area (AREA); mountain (MT); pass (PASS)
Yemen (YEM),Naşbat,NASBAT,mountain (MT)
Yemen (YEM),Naşlat,NASLAT,hill (HLL)
Yemen (YEM),Niqābat,NIQABAT,water tank (RSVT); water well(s) (WLL)
Oman (OMN) & Yemen (YEM),Nukhdah,NUKHDAH,interdune trough(s) (TRGD); wadi(s) (WAD)
Yemen (YEM),Nukhdat,NUKHDAT,wadi(s) (WAD)
Yemen (YEM),Point,POINT,point(s) (PT)
Yemen (YEM),Qā‘,QA,area (AREA); depression(s) (DPR); headwaters (STMH); plain(s) (PLN)
Yemen (YEM),Qa‘adah,QAADAH,sand area (SAND)
Yemen (YEM),Qa‘ā’id,QAAID,dune(s) (DUNE)
Yemen (YEM),Qa‘ām,QAAM,mountain (MT)
Yemen (YEM),Qabr,QABR,tomb(s) (TMB)
Yemen (YEM),Qaḑā’,QADA,administrative division (ADMD); second-order administrative division (ADM2)
Yemen (YEM),Qafrat,QAFRAT,desert (DSRT)
Yemen (YEM),Qahr,QAHR,mountain (MT)
Yemen (YEM),Qahrat,QAHRAT,mountain (MT)
Yemen (YEM),Qa‘īdah,QAIDAH,dune(s) (DUNE)
Yemen (YEM),Qalt,QALT,water well(s) (WLL)
Yemen (YEM),Qanāt,QANAT,canal (CNL)
Yemen (YEM),Qārah,QARAH,mountain (MT); rock (RK)
Yemen (YEM),Qārat,QARAT,hill (HLL); mountain (MT); peak(s) (PK)
Yemen (YEM),Qarn,QARN,hill (HLL); mountain (MT); peak(s) (PK); rock (RK)
Yemen (YEM),Qawz,QAWZ,dune(s) (DUNE)
Yemen (YEM),Qāyid,QAYID,hill (HLL)
Yemen (YEM),Qirūn,QIRUN,hill (HLL)
Yemen (YEM),Qism Shurţah,QISMSHURTAH,police post (PP)
Yemen (YEM),Qubbah,QUBBAH,mosque (MSQE)
Yemen (YEM),Qubbat,QUBBAT,mosque (MSQE); tomb(s) (TMB)
Yemen (YEM),Qulumah,QULUMAH,abandoned well (WLLQ)
Yemen (YEM),Qurayn,QURAYN,hills (HLLS)
Yemen (YEM),Qurūn,QURUN,hill (HLL); mountains (MTS)
Yemen (YEM),Rabbāḑah,RABBADAH,dune(s) (DUNE)
Yemen (YEM),Rahwat,RAHWAT,pass (PASS)
Yemen (YEM),Rākah,RAKAH,dune(s) (DUNE)
Yemen (YEM),Rambat,RAMBAT,sand area (SAND)
Oman (OMN) & Saudi Arabia (SAU) & Yemen (YEM),Ramlah,RAMLAH,dune(s) (DUNE); sand area (SAND)
Yemen (YEM),Ramlat,RAMLAT,dune(s) (DUNE); sand area (SAND)
Oman (OMN) & Yemen (YEM),Ra’s,RAS,cape (CAPE); headland (HDLD); hill (HLL); hills (HLLS); mesa(s) (MESA); mountain (MT); peak(s) (PK); point(s) (PT); promontory(-ies) (PROM); spur(s) (SPUR)
Yemen (YEM),Rhiy,RHIY,headland (HDLD); point(s) (PT); promontory(-ies) (PROM)
Yemen (YEM),Ri‘āyah Şiḩḩīyah,RIAYAHSIHHIYAH,clinic (HSPC)
Yemen (YEM),Ri‘āyah Şiḩḩīyah Awwalīyah,RIAYAHSIHHIYAHAWWALIYAH,clinic (HSPC)
Yemen (YEM),Rimāl,RIMAL,dune(s) (DUNE)
Yemen (YEM),Ru’ūs,RUUS,headwaters (STMH)
Yemen (YEM),Sabkhat,SABKHAT,sabkha(s) (SBKH)
Yemen (YEM),Sadd,SADD,dam (DAM); ruined dam (DAMQ)
Yemen (YEM),Sāddah,SADDAH,hill (HLL)
Yemen (YEM),Şafḩat,SAFHAT,plain(s) (PLN)
Yemen (YEM),Sāḩah,SAHAH,square (SQR)
Yemen (YEM),Sāḩil,SAHIL,beach(es) (BCH)
Yemen (YEM),Sahl,SAHL,plain(s) (PLN)
Yemen (YEM),Şaḩrā’,SAHRA,desert (DSRT)
Yemen (YEM),Sā’ilah,SAILAH,wadi(s) (WAD)
Yemen (YEM),Sā’ilat,SAILAT,wadi(s) (WAD)
Yemen (YEM),Şakhrah,SAKHRAH,rock (RK)
Yemen (YEM),Samd; Şamd,SAMD,mountain (MT)
Oman (OMN) & Yemen (YEM),Sayḩ,SAYH,plain(s) (PLN); wadi(s) (WAD)
Yemen (YEM),Saylat,SAYLAT,section of stream (STMX); section of wadi (WADX); stream(s) (STM); wadi(s) (WAD)
Yemen (YEM),Şayq,SAYQ,wadi(s) (WAD)
Yemen (YEM),Şayqat,SAYQAT,wadi(s) (WAD)
Yemen (YEM),Shaghīyah,SHAGHIYAH,wadi(s) (WAD)
Saudi Arabia (SAU) & Yemen (YEM),Sha‘īb,SHAIB,wadi(s) (WAD)
Yemen (YEM),Shaqq,SHAQQ,interdune trough(s) (TRGD)
Yemen (YEM),Shaţţ,SHATT,wadi(s) (WAD)
Yemen (YEM),Shi‘ab; Shi‘āb,SHIAB,wadi(s) (WAD)
Oman (OMN) & Yemen (YEM),Shi‘b; Shi’b,SHIB,mountain (MT); ravine(s) (RVN); reef(s) (RF); section of wadi (WADX); wadi(s) (WAD)
Yemen (YEM),Shi‘bat,SHIBAT,wadi(s) (WAD)
Bahrain (BHR) & Kuwait (KWT) & Oman (OMN) & Qatar (QAT) & Saudi Arabia (SAU) & United Arab Emirates (ARE) & Yemen (YEM),Shibh Jazīrah,SHIBHJAZIRAH,peninsula (PEN)
Yemen (YEM),Shi‘ib,SHIIB,wadi(s) (WAD)
Saudi Arabia (SAU) & Yemen (YEM),Shiqaq; Shiqāq,SHIQAQ,dune(s) (DUNE); interdune trough(s) (TRGD)
Saudi Arabia (SAU) & Yemen (YEM),Shiqqah,SHIQQAH,dune(s) (DUNE); interdune trough(s) (TRGD)
Yemen (YEM),Shuqqah,SHUQQAH,interdune trough(s) (TRGD)
Yemen (YEM),Sifārah,SIFARAH,diplomatic facility (DIP)
Yemen (YEM),Sijn,SIJN,prison (PRN)
Yemen (YEM),Sūq,SUQ,market (MKT)
Yemen (YEM),Tal‘at,TALAT,slope(s) (SLP); spur(s) (SPUR)
Yemen (YEM),Ţaraf,TARAF,mountain (MT); ridge(s) (RDGE); spur(s) (SPUR)
Yemen (YEM),Ţawf,TAWF,levee (LEV)
Saudi Arabia (SAU) & Yemen (YEM),Ţawr,TAWR,mountain (MT)
Yemen (YEM),Ţīnah,TINAH,dune(s) (DUNE)
Yemen (YEM),Ţurfat,TURFAT,headland (HDLD)
Oman (OMN) & Saudi Arabia (SAU) & Yemen (YEM),‘Urūq,URUQ,area (AREA); dune(s) (DUNE)
Yemen (YEM),‘Uzlah,UZLAH,area (AREA)
Yemen (YEM),‘Uzlat,UZLAT,area (AREA)
Oman (OMN) & Saudi Arabia (SAU) & Yemen (YEM),Wadi; Wãdī; WādĪ; Wādī,WADI,intermittent stream (STMI); plain(s) (PLN); section of wadi (WADX); stream(s) (STM); wadi(s) (WAD)
Yemen (YEM),Wādī Gharr,WADIGHARR,wadi(s) (WAD)
Yemen (YEM),Waḩdah,WAHDAH,clinic (HSPC)
Yemen (YEM),Waḩdah Şiḩḩīyah,WAHDAHSIHHIYAH,clinic (HSPC)
Yemen (YEM),Waḩdah Şiḩḩīyah Mu’aqittah,WAHDAHSIHHIYAHMUAQITTAH,clinic (HSPC)
Yemen (YEM),Waḩdah Şiḩḩīyah Mu’aqqitah,WAHDAHSIHHIYAHMUAQQITAH,clinic (HSPC)
Yemen (YEM),Waḩdat Ri‘āyah Şiḩḩīyah Awwalīyah; Waḩdat Ri‘āyah Şiḩḩīyah Awwālīyah,WAHDATRIAYAHSIHHIYAHAWWALIYAH,clinic (HSPC)
Yemen (YEM),Waqr,WAQR,water well(s) (WLL)
Yemen (YEM),Z̧ahr,ZAHR,mountain (MT)
Yemen (YEM),Z̧ahrat,ZAHRAT,island (ISL)
Yemen (YEM),أبرق,أبرق,hills (HLLS)
Yemen (YEM),أراضي,أراضي,area (AREA)
Saudi Arabia (SAU) & Yemen (YEM),أرض,أرض,area (AREA); hill (HLL); plain(s) (PLN)
Yemen (YEM),أرض حيرة,أرضحيرة,drainage basin (BSND)
Yemen (YEM),ارض,ارض,area (AREA)
Yemen (YEM),الجامع,الجامع,mosque (MSQE)
Yemen (YEM),السوق,السوق,market (MKT)
Yemen (YEM),العلم,العلم,hill (HLL)
Yemen (YEM),المستشفى,المستشفى,hospital (HSP)
Yemen (YEM),بئر; بِئر,بئر,water well(s) (WLL)
Yemen (YEM),بئر أرتوازية,بئرأرتوازية,water well(s) (WLL)
Yemen (YEM),بئر إرتوازي,بئرإرتوازي,water well(s) (WLL)
Yemen (YEM),باب,باب,field(s) (FLD); gap (GAP); gate (GATE)
Yemen (YEM),بتراء,بتراء,interdune trough(s) (TRGD)
Yemen (YEM),برق,برق,slope(s) (SLP)
Yemen (YEM),برقا,برقا,hill (HLL)
Yemen (YEM),برقاء,برقاء,hill (HLL)
Yemen (YEM),بركة,بركة,slope(s) (SLP)
Bahrain (BHR) & Kuwait (KWT) & Oman (OMN) & Qatar (QAT) & Saudi Arabia (SAU) & United Arab Emirates (ARE) & Yemen (YEM),بلاد,بلاد,locality (LCTY); region (RGN)
Yemen (YEM),بنك,بنك,financial institution (FIN)
Yemen (YEM),بوابة,بوابة,gate (GATE)
Yemen (YEM),جامع,جامع,mosque (MSQE)
Yemen (YEM),جامعة,جامعة,college (SCHC)
Oman (OMN) & Yemen (YEM),جبال,جبال,hill (HLL); hills (HLLS); mountain (MT); mountains (MTS)
Oman (OMN) & Saudi Arabia (SAU) & Yemen (YEM),جبل,جبل,hill (HLL); mountain (MT); mountains (MTS); peak(s) (PK); ridge(s) (RDGE); rock (RK)
Yemen (YEM),جزر,جزر,island (ISL); islands (ISLS)
Bahrain (BHR) & Kuwait (KWT) & Oman (OMN) & Qatar (QAT) & Saudi Arabia (SAU) & United Arab Emirates (ARE) & Yemen (YEM),جزيرة,جزيرة,island (ISL); islands (ISLS); peninsula (PEN)
Yemen (YEM),جسر,جسر,bridge (BDG)
Yemen (YEM),جمعية,جمعية,clinic (HSPC)
Yemen (YEM),جمهورية,جمهورية,independent political entity (PCLI)
Saudi Arabia (SAU) & Yemen (YEM),جو,جو,depression(s) (DPR); plain(s) (PLN)
Yemen (YEM),جولة,جولة,traffic circle (RDCR)
Yemen (YEM),حَائِرَة,حائرة,wadi(s) (WAD)
Yemen (YEM),حارة,حارة,section of populated place (PPLX)
Yemen (YEM),حافة,حافة,section of populated place (PPLX)
Yemen (YEM),حَايِرة,حايرة,wadi(s) (WAD)
Yemen (YEM),حبال,حبال,dune(s) (DUNE)
Saudi Arabia (SAU) & Yemen (YEM),حبل,حبل,dune(s) (DUNE); mountain (MT)
Saudi Arabia (SAU) & Yemen (YEM),حبيل,حبيل,dune(s) (DUNE)
Yemen (YEM),حدائق,حدائق,park (PRK)
Yemen (YEM),حديقة,حديقة,park (PRK); square (SQR)
Yemen (YEM),حزم,حزم,hill (HLL)
Yemen (YEM),حساء,حساء,water well(s) (WLL)
Yemen (YEM),حسى,حسى,water well(s) (WLL)
Yemen (YEM),حسي; حِسِي,حسي,water well(s) (WLL); waterhole(s) (WTRH)
Saudi Arabia (SAU) & Yemen (YEM),حشش,حشش,hill (HLL)
Yemen (YEM),حصن,حصن,castle (CSTL); mountain (MT); populated place (PPL)
Yemen (YEM),حِقنة,حقنة,interdune trough(s) (TRGD)
Yemen (YEM),حقول,حقول,salt evaporation ponds (MFGN)
Yemen (YEM),حمام,حمام,hot spring(s) (SPNT)
Yemen (YEM),حي,حي,section of populated place (PPLX)
Yemen (YEM),حيد,حيد,hills (HLLS); mountain (MT)
Yemen (YEM),حِيرة,حيرة,sabkha(s) (SBKH)
Yemen (YEM),خربة,خربة,ruin(s) (RUIN)
Yemen (YEM),خشم,خشم,hill (HLL); hills (HLLS); spur(s) (SPUR)
Yemen (YEM),خل,خل,dune(s) (DUNE)
Yemen (YEM),خليج,خليج,bay(s) (BAY)
Yemen (YEM),خليف,خليف,hills (HLLS); valley(s) (VAL)
Yemen (YEM),خور,خور,water well(s) (WLL)
Yemen (YEM),دقم,دقم,peak(s) (PK)
Yemen (YEM),ذلق,ذلق,spur(s) (SPUR)
Oman (OMN) & Yemen (YEM),رأس,رأس,point(s) (PT)
Yemen (YEM),راكة,راكة,dune(s) (DUNE)
Yemen (YEM),ربَّاضة,رباضة,dune(s) (DUNE)
Yemen (YEM),رعاية صحية,رعايةصحية,clinic (HSPC)
Yemen (YEM),رعاية صحية أولية,رعايةصحيةأولية,clinic (HSPC)
Yemen (YEM),رمال,رمال,dune(s) (DUNE)
Oman (OMN) & Saudi Arabia (SAU) & Yemen (YEM),رملة; رَملَة,رملة,dune(s) (DUNE); sand area (SAND)
Yemen (YEM),سائلة,سائلة,wadi(s) (WAD)
Yemen (YEM),ساحة,ساحة,square (SQR)
Yemen (YEM),ساحل,ساحل,beach(es) (BCH)
Yemen (YEM),سادَّة,سادة,hill (HLL)
Yemen (YEM),سجن,سجن,prison (PRN)
Yemen (YEM),سد,سد,dam (DAM); ruined dam (DAMQ)
Yemen (YEM),سفارة,سفارة,diplomatic facility (DIP)
Yemen (YEM),سمد,سمد,mountain (MT)
Yemen (YEM),سوق,سوق,market (MKT)
Oman (OMN) & Yemen (YEM),سيح,سيح,plain(s) (PLN); wadi(s) (WAD)
Bahrain (BHR) & Kuwait (KWT) & Oman (OMN) & Qatar (QAT) & Saudi Arabia (SAU) & United Arab Emirates (ARE) & Yemen (YEM),شبه جزيرة,شبهجزيرة,peninsula (PEN)
Yemen (YEM),شعاب,شعاب,wadi(s) (WAD)
Oman (OMN) & Yemen (YEM),شعب,شعب,section of wadi (WADX); wadi(s) (WAD)
Yemen (YEM),شعيب,شعيب,wadi(s) (WAD)
Yemen (YEM),شغيّة,شغية,wadi(s) (WAD)
Yemen (YEM),شق,شق,interdune trough(s) (TRGD)
Saudi Arabia (SAU) & Yemen (YEM),شقاق,شقاق,dune(s) (DUNE); interdune trough(s) (TRGD)
Saudi Arabia (SAU) & Yemen (YEM),شقة; شقَّة; شِقة; شِقَّة,شقة,dune(s) (DUNE); interdune trough(s) (TRGD)
Saudi Arabia (SAU) & Yemen (YEM),شِقق,شقق,interdune trough(s) (TRGD)
Yemen (YEM),صحراء,صحراء,desert (DSRT)
Yemen (YEM),صخرة,صخرة,rock (RK)
Yemen (YEM),صيق,صيق,wadi(s) (WAD)
Yemen (YEM),ضلق,ضلق,spur(s) (SPUR)
Yemen (YEM),طِينة,طينة,dune(s) (DUNE)
Saudi Arabia (SAU) & Yemen (YEM),عرق,عرق,dune(s) (DUNE)
Oman (OMN) & Saudi Arabia (SAU) & Yemen (YEM),عروق; عُروق; عُرُوق,عروق,area (AREA); dune(s) (DUNE)
Yemen (YEM),عيادة,عيادة,clinic (HSPC)
Yemen (YEM),عين,عين,spring(s) (SPNG)
Yemen (YEM),غاب,غاب,forest(s) (FRST)
Yemen (YEM),غاوية,غاوية,wadi(s) (WAD)
Yemen (YEM),غدير,غدير,mud flat(s) (FLTM); water well(s) (WLL)
Yemen (YEM),غر,غر,wadi(s) (WAD)
Yemen (YEM),غيل,غيل,wadi(s) (WAD)
Yemen (YEM),فردان,فردان,hill (HLL); rock (RK); spur(s) (SPUR)
Yemen (YEM),فريد,فريد,hill (HLL); spur(s) (SPUR)
Yemen (YEM),فندق,فندق,hotel (HTL)
Yemen (YEM),قاع,قاع,depression(s) (DPR); plain(s) (PLN)
Yemen (YEM),قبة,قبة,mosque (MSQE)
Yemen (YEM),قرن,قرن,hill (HLL); mountain (MT); rock (RK)
Yemen (YEM),قرون,قرون,hill (HLL)
Yemen (YEM),قسم شرطة,قسمشرطة,police post (PP)
Yemen (YEM),قعائد,قعائد,dune(s) (DUNE)
Yemen (YEM),قعدة,قعدة,sand area (SAND)
Yemen (YEM),قعيدة,قعيدة,dune(s) (DUNE)
Yemen (YEM),قلمة,قلمة,abandoned well (WLLQ)
Yemen (YEM),كريف,كريف,water well(s) (WLL)
Yemen (YEM),كلية,كلية,college (SCHC)
Yemen (YEM),كوكب,كوكب,peak(s) (PK)
Yemen (YEM),كولة,كولة,mountain (MT)
Yemen (YEM),متجف,متجف,museum (MUS)
Yemen (YEM),متحف,متحف,museum (MUS)
Yemen (YEM),مجمع,مجمع,clinic (HSPC)
Yemen (YEM),مجمع الطبي,مجمعالطبي,clinic (HSPC)
Yemen (YEM),مجمع صحي,مجمعصحي,clinic (HSPC)
Yemen (YEM),محافظة,محافظة,first-order administrative division (ADM1)
Yemen (YEM),محجر صحي,محجرصحي,clinic (HSPC)
Yemen (YEM),محكمة,محكمة,courthouse (CTHSE)
Yemen (YEM),محلات,محلات,market (MKT)
Yemen (YEM),مختم,مختم,dune(s) (DUNE); hill (HLL); ridge(s) (RDGE)
Yemen (YEM),مختومة,مختومة,dune(s) (DUNE)
Yemen (YEM),مدائر,مدائر,dune(s) (DUNE)
Yemen (YEM),مدرسة,مدرسة,school (SCH)
Yemen (YEM),مرتفع,مرتفع,mountains (MTS)
Yemen (YEM),مركز,مركز,clinic (HSPC)
Yemen (YEM),مركز أمومة و طفولة و ولادة طبيعية,مركزأمومةوطفولةوولادةطبيعية,clinic (HSPC)
Yemen (YEM),مركز امومة,مركزامومة,clinic (HSPC)
Yemen (YEM),مركز امومة و طفولة; مركز امومة وطفولة,مركزامومةوطفولة,clinic (HSPC)
Yemen (YEM),مركز رعاية,مركزرعاية,clinic (HSPC)
Yemen (YEM),مركز صحة,مركزصحة,clinic (HSPC)
Yemen (YEM),مركز صحي,مركزصحي,clinic (HSPC)
Yemen (YEM),مركز طبي,مركزطبي,clinic (HSPC)
Yemen (YEM),مركز لأمومة و طفولة,مركزلأمومةوطفولة,clinic (HSPC)
Yemen (YEM),مزرعة,مزرعة,farm(s) (FRM)
Yemen (YEM),مزرعه,مزرعه,farm(s) (FRM)
Yemen (YEM),مستشفى,مستشفى,clinic (HSPC); hospital (HSP)
Yemen (YEM),مستشفى تخصصي,مستشفىتخصصي,hospital (HSP)
Yemen (YEM),مستشفى ريفي,مستشفىريفي,hospital (HSP)
Yemen (YEM),مستشفى لامومة و الطفولة,مستشفىلامومةوالطفولة,hospital (HSP)
Yemen (YEM),مستشفى نموذجي,مستشفىنموذجي,hospital (HSP)
Yemen (YEM),مستوصف,مستوصف,clinic (HSPC)
Yemen (YEM),مستوصف أهلى,مستوصفأهلى,clinic (HSPC)
Yemen (YEM),مستوصف طبي,مستوصفطبي,clinic (HSPC)
Yemen (YEM),مستوصف طبي تخصصي,مستوصفطبيتخصصي,clinic (HSPC)
Yemen (YEM),مسجد,مسجد,mosque (MSQE)
Yemen (YEM),مشابك,مشابك,interdune trough(s) (TRGD)
Yemen (YEM),مطار,مطار,airfield (AIRF); airport (AIRP)
Yemen (YEM),معهد,معهد,college (SCHC)
Yemen (YEM),معهد علمي,معهدعلمي,college (SCHC)
Yemen (YEM),مقبرة,مقبرة,cemetery (CMTY)
Yemen (YEM),ملعب,ملعب,athletic field (ATHF); stadium (STDM)
Yemen (YEM),ممر,ممر,pass (PASS)
Yemen (YEM),منتزه,منتزه,park (PRK)
Yemen (YEM),منطقة,منطقة,section of populated place (PPLX)
Yemen (YEM),ميدان,ميدان,square (SQR)
Yemen (YEM),ميناء,ميناء,port (PRT)
Yemen (YEM),نبع,نبع,spring(s) (SPNG)
Yemen (YEM),نجد,نجد,mountain (MT); pass (PASS)
Yemen (YEM),نختة,نختة,wadi(s) (WAD)
Oman (OMN) & Yemen (YEM),نخدة,نخدة,interdune trough(s) (TRGD); wadi(s) (WAD)
Yemen (YEM),نقيل,نقيل,pass (PASS)
Yemen (YEM),هجلة,هجلة,sand area (SAND)
Yemen (YEM),هضبة,هضبة,mountain (MT)
Yemen (YEM),هُوات,هوات,interdune trough(s) (TRGD)
Yemen (YEM),هيد,هيد,mountain (MT)
Oman (OMN) & Saudi Arabia (SAU) & Yemen (YEM),وادي; وَادي; وَادِي,وادي,section of wadi (WADX); wadi(s) (WAD)
Yemen (YEM),وحدة,وحدة,clinic (HSPC)
Yemen (YEM),وحدة رعاية صحية أولية,وحدةرعايةصحيةأولية,clinic (HSPC)
Yemen (YEM),وحدة صحية,وحدةصحية,clinic (HSPC)
Yemen (YEM),وقر,وقر,water well(s) (WLL)
