﻿COUNTRY,GENERIC,SORT GENERIC,FEATURE DESIGNATION
Somalia (SOM),Aual,AUAL,tomb(s) (TMB)
Somalia (SOM),Aualo,AUALO,tomb(s) (TMB)
Somalia (SOM),Baad,BAAD,dune(s) (DUNE)
Somalia (SOM),Bacad,BACAD,dune(s) (DUNE)
Somalia (SOM),Bale,BALE,water well(s) (WLL)
Somalia (SOM),Baleh,BALEH,pool(s) (POOL); water well(s) (WLL)
Somalia (SOM),Ballay,BALLAY,water well(s) (WLL); waterhole(s) (WTRH)
Somalia (SOM),Balli,BALLI,pond(s) (PND); water well(s) (WLL); waterhole(s) (WTRH)
Somalia (SOM),Ban,BAN,plain(s) (PLN)
Somalia (SOM),Banka,BANKA,plain(s) (PLN); shoal(s) (SHOL)
Somalia (SOM),Bannaaanka,BANNAAANKA,plain(s) (PLN)
Somalia (SOM),Bannaanka,BANNAANKA,plain(s) (PLN)
Somalia (SOM),Barkaddaha,BARKADDAHA,waterhole(s) (WTRH)
Somalia (SOM),Beeyo,BEEYO,water well(s) (WLL)
Somalia (SOM),Biya,BIYA,waterhole(s) (WTRH)
Somalia (SOM),Biyo,BIYO,lake (LK); marsh(es) (MRSH); spring(s) (SPNG); water well(s) (WLL); waterhole(s) (WTRH)
Somalia (SOM),Bohol,BOHOL,stream(s) (STM); wadi(s) (WAD); waterhole(s) (WTRH)
Somalia (SOM),Boholiyo,BOHOLIYO,waterhole(s) (WTRH)
Somalia (SOM),Boholo,BOHOLO,wadi(s) (WAD)
Somalia (SOM),Bohool,BOHOOL,wadi(s) (WAD)
Somalia (SOM),Bug,BUG,water well(s) (WLL)
Somalia (SOM),Buk,BUK,water well(s) (WLL)
Somalia (SOM),Buq,BUQ,spring(s) (SPNG); water well(s) (WLL)
Somalia (SOM),Buqdhada,BUQDHADA,spring(s) (SPNG)
Somalia (SOM),Bur,BUR,escarpment (SCRP); hill (HLL); hills (HLLS); mound(s) (MND); mountain (MT); slope(s) (SLP)
Somalia (SOM),Burka,BURKA,hill (HLL)
Somalia (SOM),Burro,BURRO,slope(s) (SLP)
Somalia (SOM),Buur,BUUR,cliff(s) (CLF); depression(s) (DPR); hill (HLL); hills (HLLS); mountain (MT); mountains (MTS); rock (RK)
Somalia (SOM),Buuraaha,BUURAAHA,mountains (MTS)
Somalia (SOM),Buuraha,BUURAHA,dune(s) (DUNE); escarpment (SCRP); hills (HLLS); mountain (MT); mountains (MTS); plain(s) (PLN); populated place (PPL); ridge(s) (RDGE)
Somalia (SOM),Buurcada,BUURCADA,locality (LCTY)
Somalia (SOM),Buurhaha Buur,BUURHAHABUUR,mountains (MTS)
Somalia (SOM),Buurka,BUURKA,hills (HLLS)
Somalia (SOM),Buurki,BUURKI,hill (HLL)
Somalia (SOM),Buuro,BUURO,hill (HLL); hills (HLLS)
Somalia (SOM),Cal,CAL,water well(s) (WLL)
Somalia (SOM),Carin,CARIN,pass (PASS)
Somalia (SOM),Ceel,CEEL,hill (HLL); pond(s) (PND); spring(s) (SPNG); wadi(s) (WAD); water well(s) (WLL); waterhole(s) (WTRH)
Somalia (SOM),Ceelka,CEELKA,water well(s) (WLL)
Somalia (SOM),Ciida,CIIDA,dune(s) (DUNE); sand area (SAND)
Somalia (SOM),Ciidda,CIIDDA,dune(s) (DUNE)
Somalia (SOM),Collina,COLLINA,mountain (MT)
Somalia (SOM),Dab,DAB,hills (HLLS)
Somalia (SOM),Daba,DABA,hill (HLL); mountain (MT)
Somalia (SOM),Daga; Dagà,DAGA,hills (HLLS); mountain (MT)
Somalia (SOM),Dagah,DAGAH,hills (HLLS)
Somalia (SOM),Dagax,DAGAX,hills (HLLS)
Somalia (SOM),Daqah,DAQAH,mountain (MT)
Somalia (SOM),Degmada,DEGMADA,second-order administrative division (ADM2)
Somalia (SOM),Dhagax,DHAGAX,hill (HLL); hills (HLLS); mountains (MTS)
Somalia (SOM),Dooxo,DOOXO,valley(s) (VAL)
Somalia (SOM),El,EL,water well(s) (WLL); waterhole(s) (WTRH)
Somalia (SOM),Elo,ELO,waterhole(s) (WTRH)
Somalia (SOM),Faaf,FAAF,wadi(s) (WAD)
Somalia (SOM),Far,FAR,intermittent stream (STMI); locality (LCTY); stream(s) (STM); wadi(s) (WAD)
Somalia (SOM),Fara,FARA,wadi(s) (WAD)
Somalia (SOM),Farta,FARTA,stream(s) (STM); wadi(s) (WAD)
Somalia (SOM),Gacan,GACAN,mountain (MT)
Somalia (SOM),Gacanka,GACANKA,bay(s) (BAY)
Somalia (SOM),Gal,GAL,depression(s) (DPR); hill (HLL); spring(s) (SPNG); wadi(s) (WAD); water well(s) (WLL); waterhole(s) (WTRH)
Somalia (SOM),Gala,GALA,waterhole(s) (WTRH)
Somalia (SOM),Gale,GALE,waterhole(s) (WTRH)
Somalia (SOM),Gar,GAR,hill (HLL); mountain (MT)
Somalia (SOM),Gari,GARI,mountain (MT)
Somalia (SOM),Garka,GARKA,hill (HLL)
Somalia (SOM),Geedka,GEEDKA,area (AREA)
Somalia (SOM),Gees,GEES,cape (CAPE); hills (HLLS)
Somalia (SOM),Gelka,GELKA,water well(s) (WLL)
Somalia (SOM),Ghubbet,GHUBBET,bay(s) (BAY)
Somalia (SOM),Gobolka,GOBOLKA,first-order administrative division (ADM1)
Somalia (SOM),God,GOD,pond(s) (PND); spring(s) (SPNG); water well(s) (WLL)
Somalia (SOM),Godob,GODOB,waterhole(s) (WTRH)
Somalia (SOM),Gol,GOL,hill (HLL)
Somalia (SOM),Gory,GORY,mountains (MTS)
Somalia (SOM),Gubed,GUBED,bay(s) (BAY)
Somalia (SOM),Gumbur,GUMBUR,hill (HLL); mountain (MT)
Somalia (SOM),Hara,HARA,waterhole(s) (WTRH)
Somalia (SOM),Harar,HARAR,intermittent stream (STMI)
Somalia (SOM),Haro,HARO,waterhole(s) (WTRH)
Somalia (SOM),Hog,HOG,mountain (MT); water well(s) (WLL)
Somalia (SOM),Il,IL,spring(s) (SPNG); water well(s) (WLL); waterhole(s) (WTRH)
Somalia (SOM),Isha,ISHA,spring(s) (SPNG)
Somalia (SOM),Isoletti,ISOLETTI,islands (ISLS)
Somalia (SOM),Jamhuuriyadda,JAMHUURIYADDA,independent political entity (PCLI)
Somalia (SOM),Jebel,JEBEL,mountain (MT); mountains (MTS)
Somalia (SOM),Jid,JID,pass (PASS)
Somalia (SOM),Jumhūrīyah,JUMHURIYAH,independent political entity (PCLI)
Somalia (SOM),Kal,KAL,intermittent pond(s) (PNDI); spring(s) (SPNG); water well(s) (WLL); waterhole(s) (WTRH)
Somalia (SOM),Kala,KALA,water well(s) (WLL); waterhole(s) (WTRH)
Somalia (SOM),Karin,KARIN,mountain (MT); pass (PASS)
Somalia (SOM),Keli,KELI,wadi(s) (WAD)
Somalia (SOM),Khoor,KHOOR,lagoon(s) (LGN)
Somalia (SOM),Khor,KHOR,inlet (INLT)
Somalia (SOM),Koliina,KOLIINA,hill (HLL)
Somalia (SOM),Kor,KOR,hill (HLL)
Somalia (SOM),Kur-ka,KURKA,hill (HLL)
Kenya (KEN) & Somalia (SOM),Laag,LAAG,intermittent stream (STMI); wadi(s) (WAD)
Somalia (SOM),Laakta,LAAKTA,wadi(s) (WAD)
Somalia (SOM),Laas,LAAS,spring(s) (SPNG); water well(s) (WLL); waterhole(s) (WTRH)
Somalia (SOM),Laasa,LAASA,water well(s) (WLL)
Somalia (SOM),Laaska,LAASKA,water well(s) (WLL)
Somalia (SOM),Laaso,LAASO,water well(s) (WLL); waterhole(s) (WTRH)
Kenya (KEN) & Somalia (SOM),Lac,LAC,intermittent stream (STMI)
Kenya (KEN) & Somalia (SOM),Lach,LACH,intermittent stream (STMI); wadi(s) (WAD)
Somalia (SOM),Lag,LAG,stream(s) (STM)
Kenya (KEN) & Somalia (SOM),Lagh,LAGH,intermittent stream (STMI)
Somalia (SOM),Malka,MALKA,ford (FORD)
Somalia (SOM),Passo,PASSO,pass (PASS)
Somalia (SOM),Piana,PIANA,plain(s) (PLN)
Somalia (SOM),Porto,PORTO,anchorage (ANCH)
Somalia (SOM),Qabuurta,QABUURTA,cemetery (CMTY)
Somalia (SOM),Qar,QAR,hills (HLLS)
Somalia (SOM),Qarka,QARKA,mountain (MT)
Somalia (SOM),Qol,QOL,rock (RK)
Somalia (SOM),Qoor,QOOR,lagoon(s) (LGN)
Somalia (SOM),Qooriga,QOORIGA,bay(s) (BAY)
Somalia (SOM),Raadiyo,RAADIYO,radio station (STNR)
Somalia (SOM),Raas,RAAS,cape (CAPE); point(s) (PT)
Somalia (SOM),Rapida,RAPIDA,rapids (RPDS)
Somalia (SOM),Ras,RAS,cape (CAPE); point(s) (PT)
Somalia (SOM),Regione,REGIONE,region (RGN)
Somalia (SOM),San,SAN,hill (HLL); hills (HLLS); mountain (MT)
Somalia (SOM),San-ca; Sanca,SANCA,cliff(s) (CLF); hill (HLL)
Somalia (SOM),Sanka,SANKA,hill (HLL)
Somalia (SOM),Sankii,SANKII,hill (HLL)
Somalia (SOM),Scogli,SCOGLI,rock (RK)
Somalia (SOM),Secca,SECCA,shoal(s) (SHOL)
Somalia (SOM),Shaab,SHAAB,reef(s) (RF)
Somalia (SOM),Shacaabi,SHACAABI,reef(s) (RF)
Ethiopia (ETH) & Somalia (SOM),Shet’,SHET,wadi(s) (WAD)
Somalia (SOM),Taagga,TAAGGA,plain(s) (PLN); plateau (PLAT); upland (UPLD)
Somalia (SOM),Tog,TOG,wadi(s) (WAD)
Somalia (SOM),togga,TOGGA,wadi(s) (WAD)
Ethiopia (ETH) & Somalia (SOM),Tug,TUG,wadi(s) (WAD)
Somalia (SOM),Uadi,UADI,stream(s) (STM); wadi(s) (WAD)
Somalia (SOM),Uar,UAR,waterhole(s) (WTRH)
Somalia (SOM),Uarta,UARTA,water well(s) (WLL)
Somalia (SOM),Uar-ti,UARTI,waterhole(s) (WTRH)
Somalia (SOM),Uel,UEL,waterhole(s) (WTRH)
Somalia (SOM),Uili,UILI,water well(s) (WLL)
Somalia (SOM),Waadi,WAADI,wadi(s) (WAD)
Ethiopia (ETH) & Somalia (SOM),Wabi,WABI,intermittent stream (STMI)
Somalia (SOM),Wada,WADA,road (RD); trail (TRL)
Somalia (SOM),Wadi,WADI,wadi(s) (WAD)
Somalia (SOM),War,WAR,pond(s) (PND); wadi(s) (WAD); water well(s) (WLL); waterhole(s) (WTRH)
Somalia (SOM),Wara,WARA,waterhole(s) (WTRH)
Somalia (SOM),Waro,WARO,pond(s) (PND)
Somalia (SOM),Warta,WARTA,pond(s) (PND)
Ethiopia (ETH) & Kenya (KEN) & Somalia (SOM),Webi,WEBI,intermittent stream (STMI); stream(s) (STM); wadi(s) (WAD)
Somalia (SOM),Weel,WEEL,waterhole(s) (WTRH)
Somalia (SOM),Wela,WELA,water well(s) (WLL)
Ethiopia (ETH) & Kenya (KEN) & Somalia (SOM),Wenz,WENZ,stream(s) (STM)
Somalia (SOM),Xabaal,XABAAL,tomb(s) (TMB)
Somalia (SOM),Xabaalaha,XABAALAHA,tomb(s) (TMB)
Somalia (SOM),Xabaale,XABAALE,tomb(s) (TMB)
Somalia (SOM),Xabaalo,XABAALO,tomb(s) (TMB)
Somalia (SOM),Xawaal,XAWAAL,cemetery (CMTY); tomb(s) (TMB)
Somalia (SOM),Xawaala,XAWAALA,tomb(s) (TMB)
Somalia (SOM),Xawaalihii,XAWAALIHII,tomb(s) (TMB)
Somalia (SOM),Xawaalo,XAWAALO,tomb(s) (TMB)
Somalia (SOM),Xirmooyin ugaareed,XIRMOOYINUGAAREED,hunting reserve (RESH)
Somalia (SOM),جمهورية,جمهورية,independent political entity (PCLI)
